#node1	node2	node1_string_id	node2_string_id	neighborhood_on_chromosome	gene_fusion	phylogenetic_cooccurrence	homology	coexpression	experimentally_determined_interaction	database_annotated	automated_textmining	combined_score
AREG	PAG1	9606.ENSP00000379097	9606.ENSP00000220597	0	0	0	0	0	0	0.500	0	0.499
AREG	HGF	9606.ENSP00000379097	9606.ENSP00000222390	0	0	0	0	0.049	0	0	0.479	0.483
AREG	HBEGF	9606.ENSP00000379097	9606.ENSP00000230990	0	0	0	0.734	0.186	0	0.400	0.596	0.785
AREG	PLCG1	9606.ENSP00000379097	9606.ENSP00000244007	0	0	0	0	0	0	0.500	0.138	0.550
AREG	EREG	9606.ENSP00000379097	9606.ENSP00000244869	0	0	0	0	0.507	0	0.400	0.995	0.998
AREG	CDH1	9606.ENSP00000379097	9606.ENSP00000261769	0	0	0	0	0.070	0	0	0.446	0.463
AREG	GAB1	9606.ENSP00000379097	9606.ENSP00000262995	0	0	0	0	0	0	0.400	0.131	0.456
AREG	KDR	9606.ENSP00000379097	9606.ENSP00000263923	0	0	0	0	0.074	0	0.650	0.302	0.754
AREG	PIK3CA	9606.ENSP00000379097	9606.ENSP00000263967	0	0	0	0	0	0	0.400	0.376	0.609
AREG	CBL	9606.ENSP00000379097	9606.ENSP00000264033	0	0	0	0	0	0	0.500	0.267	0.617
AREG	EGF	9606.ENSP00000379097	9606.ENSP00000265171	0	0	0	0	0	0	0.400	0.997	0.998
AREG	ERBB3	9606.ENSP00000379097	9606.ENSP00000267101	0	0	0	0	0	0	0.650	0.981	0.993
AREG	ERBB2	9606.ENSP00000379097	9606.ENSP00000269571	0	0	0	0	0	0	0.650	0.888	0.959
AREG	LRIG1	9606.ENSP00000379097	9606.ENSP00000273261	0	0	0	0	0	0	0.400	0.204	0.501
AREG	FGF18	9606.ENSP00000379097	9606.ENSP00000274625	0	0	0	0	0.089	0	0	0.369	0.401
AREG	EGFR	9606.ENSP00000379097	9606.ENSP00000275493	0	0	0	0	0	0.777	0.900	0.996	0.999
AREG	NRG1	9606.ENSP00000379097	9606.ENSP00000287842	0	0	0	0	0.118	0	0	0.770	0.788
AREG	FGF5	9606.ENSP00000379097	9606.ENSP00000311697	0	0	0	0	0.088	0	0	0.560	0.581
AREG	MET	9606.ENSP00000379097	9606.ENSP00000317272	0	0	0	0	0.118	0	0.650	0.418	0.804
AREG	FGF3	9606.ENSP00000379097	9606.ENSP00000334122	0	0	0	0	0.088	0	0	0.558	0.579
AREG	ERBB4	9606.ENSP00000379097	9606.ENSP00000342235	0	0	0	0	0.042	0	0.650	0.978	0.992
AREG	NRG2	9606.ENSP00000379097	9606.ENSP00000354910	0	0	0	0	0.110	0	0	0.742	0.760
AREG	NRG3	9606.ENSP00000379097	9606.ENSP00000361214	0	0	0	0	0	0	0	0.669	0.669
AREG	FGF9	9606.ENSP00000379097	9606.ENSP00000371790	0	0	0	0	0.100	0	0	0.578	0.603
AREG	NRG4	9606.ENSP00000379097	9606.ENSP00000378367	0	0	0	0	0	0	0	0.725	0.725
AREG	BTC	9606.ENSP00000379097	9606.ENSP00000379092	0	0	0	0	0.082	0	0.400	0.986	0.991
AREG	SOS1	9606.ENSP00000379097	9606.ENSP00000384675	0	0	0	0	0	0	0.400	0.188	0.491
AREG	SHC1	9606.ENSP00000379097	9606.ENSP00000401303	0	0	0	0	0	0	0.400	0.305	0.565
AREG	IGF1R	9606.ENSP00000379097	9606.ENSP00000497069	0	0	0	0	0	0	0.650	0.431	0.792
AREG	EPGN	9606.ENSP00000379097	9606.ENSP00000411898	0	0	0	0	0.099	0	0.400	0.883	0.931
AREG	TGFA	9606.ENSP00000379097	9606.ENSP00000404131	0	0	0	0	0.084	0	0.400	0.933	0.960
BTC	PAG1	9606.ENSP00000379092	9606.ENSP00000220597	0	0	0	0	0	0	0.500	0	0.499
BTC	HBEGF	9606.ENSP00000379092	9606.ENSP00000230990	0	0	0	0	0	0	0.400	0.897	0.935
BTC	PLCG1	9606.ENSP00000379092	9606.ENSP00000244007	0	0	0	0	0	0	0.500	0.192	0.579
BTC	EREG	9606.ENSP00000379092	9606.ENSP00000244869	0	0	0	0.661	0	0	0.400	0.715	0.822
BTC	PTPN12	9606.ENSP00000379092	9606.ENSP00000248594	0	0	0	0	0	0	0.500	0	0.499
BTC	GAB1	9606.ENSP00000379092	9606.ENSP00000262995	0	0	0	0	0.050	0	0.400	0.150	0.473
BTC	PIK3CA	9606.ENSP00000379092	9606.ENSP00000263967	0	0	0	0	0	0	0.400	0.201	0.500
BTC	CBL	9606.ENSP00000379092	9606.ENSP00000264033	0	0	0	0	0	0	0.500	0.311	0.640
BTC	EGF	9606.ENSP00000379092	9606.ENSP00000265171	0	0	0	0	0.043	0	0.400	0.957	0.973
BTC	ERBB3	9606.ENSP00000379092	9606.ENSP00000267101	0	0	0	0	0.061	0.045	0.400	0.960	0.975
BTC	ERBB2	9606.ENSP00000379092	9606.ENSP00000269571	0	0	0	0	0	0.405	0.400	0.807	0.925
BTC	LRIG1	9606.ENSP00000379092	9606.ENSP00000273261	0	0	0	0	0	0	0.400	0.104	0.439
BTC	EGFR	9606.ENSP00000379092	9606.ENSP00000275493	0	0	0	0	0.086	0.684	0.900	0.995	0.999
BTC	NRG1	9606.ENSP00000379092	9606.ENSP00000287842	0	0	0	0	0	0	0.400	0.854	0.909
BTC	MEMO1	9606.ENSP00000379092	9606.ENSP00000295065	0	0	0	0	0	0	0.500	0	0.499
BTC	ERBB4	9606.ENSP00000379092	9606.ENSP00000342235	0	0	0	0	0.044	0.045	0.900	0.995	0.999
BTC	NRG2	9606.ENSP00000379092	9606.ENSP00000354910	0	0	0	0	0.045	0	0.400	0.662	0.789
BTC	NRG3	9606.ENSP00000379092	9606.ENSP00000361214	0	0	0	0	0.048	0	0.400	0.582	0.740
BTC	NRG4	9606.ENSP00000379092	9606.ENSP00000378367	0	0	0	0	0.047	0	0.400	0.643	0.778
BTC	SOS1	9606.ENSP00000379092	9606.ENSP00000384675	0	0	0	0	0	0	0.400	0.192	0.494
BTC	PTK6	9606.ENSP00000379092	9606.ENSP00000442460	0	0	0	0	0.056	0	0.500	0.068	0.521
BTC	ERBIN	9606.ENSP00000379092	9606.ENSP00000426632	0	0	0	0	0	0	0.500	0.107	0.534
BTC	SHC1	9606.ENSP00000379092	9606.ENSP00000401303	0	0	0	0	0	0	0.400	0.352	0.594
BTC	TGFA	9606.ENSP00000379092	9606.ENSP00000404131	0	0	0	0.741	0.084	0	0.400	0.545	0.728
BTC	EPGN	9606.ENSP00000379092	9606.ENSP00000411898	0	0	0	0	0	0	0.400	0.924	0.952
CBL	FGF4	9606.ENSP00000264033	9606.ENSP00000168712	0	0	0	0	0	0	0.500	0.235	0.601
CBL	FGF20	9606.ENSP00000264033	9606.ENSP00000180166	0	0	0	0	0	0	0.500	0.264	0.616
CBL	FGF22	9606.ENSP00000264033	9606.ENSP00000215530	0	0	0	0	0	0	0.500	0.245	0.606
CBL	PIK3R2	9606.ENSP00000264033	9606.ENSP00000222254	0	0	0	0	0.055	0.846	0.650	0.219	0.954
CBL	HGF	9606.ENSP00000264033	9606.ENSP00000222390	0	0	0	0	0	0	0.500	0.370	0.671
CBL	FGF6	9606.ENSP00000264033	9606.ENSP00000228837	0	0	0	0	0	0	0.500	0.223	0.595
CBL	HBEGF	9606.ENSP00000264033	9606.ENSP00000230990	0	0	0	0	0.042	0	0.500	0.245	0.606
CBL	PLCG1	9606.ENSP00000264033	9606.ENSP00000244007	0	0	0	0	0.060	0.851	0	0.899	0.984
CBL	EREG	9606.ENSP00000264033	9606.ENSP00000244869	0	0	0	0	0	0	0.500	0.225	0.595
CBL	CDH1	9606.ENSP00000264033	9606.ENSP00000261769	0	0	0	0	0	0.080	0.540	0.322	0.688
CBL	PIK3R3	9606.ENSP00000264033	9606.ENSP00000262741	0	0	0	0	0	0.452	0.650	0.167	0.826
CBL	GAB1	9606.ENSP00000264033	9606.ENSP00000262995	0	0	0	0	0.054	0	0	0.405	0.413
CBL	KDR	9606.ENSP00000264033	9606.ENSP00000263923	0	0	0	0	0	0.538	0	0.596	0.805
CBL	PIK3CA	9606.ENSP00000264033	9606.ENSP00000263967	0	0	0	0	0.060	0.629	0.650	0.186	0.887
CBL	ERBIN	9606.ENSP00000264033	9606.ENSP00000426632	0	0	0	0	0.049	0.292	0	0.244	0.446
CBL	FGF19	9606.ENSP00000264033	9606.ENSP00000294312	0	0	0	0	0	0	0.500	0.067	0.513
CBL	SHC2	9606.ENSP00000264033	9606.ENSP00000264554	0	0	0	0	0	0.053	0	0.558	0.564
CBL	FGF5	9606.ENSP00000264033	9606.ENSP00000311697	0	0	0	0	0	0	0.500	0.221	0.594
CBL	FGF3	9606.ENSP00000264033	9606.ENSP00000334122	0	0	0	0	0	0	0.500	0.223	0.595
CBL	FGF17	9606.ENSP00000264033	9606.ENSP00000352414	0	0	0	0	0	0	0.500	0.224	0.595
CBL	EPGN	9606.ENSP00000264033	9606.ENSP00000411898	0	0	0	0	0	0	0.500	0.228	0.597
CBL	FGF18	9606.ENSP00000264033	9606.ENSP00000274625	0	0	0	0	0	0	0.500	0.227	0.597
CBL	FGF16	9606.ENSP00000264033	9606.ENSP00000399324	0	0	0	0	0	0	0.500	0.264	0.616
CBL	FGF9	9606.ENSP00000264033	9606.ENSP00000371790	0	0	0	0	0	0	0.500	0.276	0.622
CBL	TGFA	9606.ENSP00000264033	9606.ENSP00000404131	0	0	0	0	0.056	0	0.500	0.348	0.665
CBL	ERBB3	9606.ENSP00000264033	9606.ENSP00000267101	0	0	0	0	0	0.489	0	0.498	0.732
CBL	PTK6	9606.ENSP00000264033	9606.ENSP00000442460	0	0	0	0	0	0.130	0.750	0.196	0.809
CBL	SOS1	9606.ENSP00000264033	9606.ENSP00000384675	0	0	0	0	0.148	0.297	0.500	0.490	0.827
CBL	LRIG1	9606.ENSP00000264033	9606.ENSP00000273261	0	0	0	0	0	0.292	0.500	0.597	0.844
CBL	IGF1R	9606.ENSP00000264033	9606.ENSP00000497069	0	0	0	0	0.067	0.357	0.650	0.385	0.853
CBL	EGF	9606.ENSP00000264033	9606.ENSP00000265171	0	0	0	0	0	0	0.500	0.731	0.859
CBL	ERBB4	9606.ENSP00000264033	9606.ENSP00000342235	0	0	0	0	0	0.622	0	0.647	0.861
CBL	CBLC	9606.ENSP00000264033	9606.ENSP00000494162	0	0	0.076	0.925	0	0.091	0.900	0.081	0.912
CBL	ERBB2	9606.ENSP00000264033	9606.ENSP00000269571	0	0	0	0	0	0.800	0	0.734	0.944
CBL	CBLB	9606.ENSP00000264033	9606.ENSP00000499037	0	0	0.068	0.929	0	0.438	0.900	0.129	0.948
CBL	SHC1	9606.ENSP00000264033	9606.ENSP00000401303	0	0	0	0	0.049	0.877	0.500	0.940	0.996
CBL	MET	9606.ENSP00000264033	9606.ENSP00000317272	0	0	0	0	0.043	0.941	0.900	0.873	0.999
CBL	EGFR	9606.ENSP00000264033	9606.ENSP00000275493	0	0	0	0	0.042	0.996	0.900	0.994	0.999
CBLB	PIK3R2	9606.ENSP00000499037	9606.ENSP00000222254	0	0	0	0	0	0.331	0.900	0.137	0.937
CBLB	PIK3R3	9606.ENSP00000499037	9606.ENSP00000262741	0	0	0	0	0	0.094	0.900	0.049	0.906
CBLB	PIK3CA	9606.ENSP00000499037	9606.ENSP00000263967	0	0	0	0	0.058	0.045	0.900	0.066	0.904
CBLB	ERBB3	9606.ENSP00000499037	9606.ENSP00000267101	0	0	0	0	0	0.489	0	0.199	0.573
CBLB	ERBB2	9606.ENSP00000499037	9606.ENSP00000269571	0	0	0	0	0	0.489	0	0.240	0.595
CBLB	EGFR	9606.ENSP00000499037	9606.ENSP00000275493	0	0	0	0	0	0.942	0.900	0.300	0.995
CBLB	MET	9606.ENSP00000499037	9606.ENSP00000317272	0	0	0	0	0	0.494	0	0.053	0.500
CBLB	ERBB4	9606.ENSP00000499037	9606.ENSP00000342235	0	0	0	0	0	0.489	0	0.199	0.573
CBLB	SHC1	9606.ENSP00000499037	9606.ENSP00000401303	0	0	0	0	0	0.306	0	0.206	0.426
CBLB	CBLC	9606.ENSP00000499037	9606.ENSP00000494162	0	0	0.074	0.922	0	0.095	0.900	0.090	0.913
CBLB	IGF1R	9606.ENSP00000499037	9606.ENSP00000497069	0	0	0	0	0	0.130	0.650	0.142	0.716
CBLC	ERBB3	9606.ENSP00000494162	9606.ENSP00000267101	0	0	0	0	0.163	0.447	0	0.201	0.597
CBLC	ERBB2	9606.ENSP00000494162	9606.ENSP00000269571	0	0	0	0	0.115	0.533	0	0.204	0.642
CBLC	EGFR	9606.ENSP00000494162	9606.ENSP00000275493	0	0	0	0	0.081	0.989	0.650	0.301	0.997
CBLC	MET	9606.ENSP00000494162	9606.ENSP00000317272	0	0	0	0	0.059	0.626	0	0.053	0.638
CBLC	ERBB4	9606.ENSP00000494162	9606.ENSP00000342235	0	0	0	0	0.067	0.447	0	0.159	0.528
CBLC	IGF1R	9606.ENSP00000494162	9606.ENSP00000497069	0	0	0	0	0	0.130	0.650	0.080	0.695
CDH1	FGF4	9606.ENSP00000261769	9606.ENSP00000168712	0	0	0	0	0.088	0	0	0.595	0.615
CDH1	FGF20	9606.ENSP00000261769	9606.ENSP00000180166	0	0	0	0	0.058	0	0	0.575	0.582
CDH1	FGF22	9606.ENSP00000261769	9606.ENSP00000215530	0	0	0	0	0.058	0	0	0.588	0.596
CDH1	HGF	9606.ENSP00000261769	9606.ENSP00000222390	0	0	0	0	0	0	0	0.675	0.675
CDH1	FGF6	9606.ENSP00000261769	9606.ENSP00000228837	0	0	0	0	0.058	0	0	0.584	0.592
CDH1	HBEGF	9606.ENSP00000261769	9606.ENSP00000230990	0	0	0	0	0	0	0	0.435	0.435
CDH1	ERBB4	9606.ENSP00000261769	9606.ENSP00000342235	0	0	0	0	0.055	0.071	0	0.477	0.501
CDH1	TGFA	9606.ENSP00000261769	9606.ENSP00000404131	0	0	0	0	0.054	0	0	0.507	0.513
CDH1	PIK3CA	9606.ENSP00000261769	9606.ENSP00000263967	0	0	0	0	0	0	0	0.575	0.575
CDH1	FGF17	9606.ENSP00000261769	9606.ENSP00000352414	0	0	0	0	0.058	0	0	0.572	0.579
CDH1	FGF16	9606.ENSP00000261769	9606.ENSP00000399324	0	0	0	0	0.058	0	0	0.574	0.581
CDH1	FGF9	9606.ENSP00000261769	9606.ENSP00000371790	0	0	0	0	0.058	0	0	0.583	0.590
CDH1	LRIG1	9606.ENSP00000261769	9606.ENSP00000273261	0	0	0	0	0.042	0	0	0.589	0.590
CDH1	FGF3	9606.ENSP00000261769	9606.ENSP00000334122	0	0	0	0	0.058	0	0	0.587	0.594
CDH1	FGF18	9606.ENSP00000261769	9606.ENSP00000274625	0	0	0	0	0.058	0	0	0.587	0.595
CDH1	FGF5	9606.ENSP00000261769	9606.ENSP00000311697	0	0	0	0	0.060	0	0	0.593	0.601
CDH1	SHC1	9606.ENSP00000261769	9606.ENSP00000401303	0	0	0	0	0	0	0	0.604	0.604
CDH1	IGF1R	9606.ENSP00000261769	9606.ENSP00000497069	0	0	0	0	0.056	0.067	0	0.731	0.742
CDH1	KDR	9606.ENSP00000261769	9606.ENSP00000263923	0	0	0	0	0.042	0.045	0	0.779	0.780
CDH1	EGF	9606.ENSP00000261769	9606.ENSP00000265171	0	0	0	0	0.043	0	0	0.851	0.852
CDH1	ERBB3	9606.ENSP00000261769	9606.ENSP00000267101	0	0	0	0	0.204	0.108	0	0.813	0.856
CDH1	MET	9606.ENSP00000261769	9606.ENSP00000317272	0	0	0	0	0.050	0.311	0	0.943	0.959
CDH1	ERBB2	9606.ENSP00000261769	9606.ENSP00000269571	0	0	0	0	0.139	0.108	0	0.964	0.970
CDH1	EGFR	9606.ENSP00000261769	9606.ENSP00000275493	0	0	0	0	0.055	0.815	0	0.995	0.999
DCN	IGF1R	9606.ENSP00000052754	9606.ENSP00000497069	0	0	0	0	0	0.100	0	0.647	0.668
DCN	HGF	9606.ENSP00000052754	9606.ENSP00000222390	0	0	0	0	0.087	0	0	0.829	0.837
DCN	FGF5	9606.ENSP00000052754	9606.ENSP00000311697	0	0	0	0	0.042	0	0	0.905	0.905
DCN	FGF17	9606.ENSP00000052754	9606.ENSP00000352414	0	0	0	0	0	0	0	0.905	0.905
DCN	ERBB3	9606.ENSP00000052754	9606.ENSP00000267101	0	0	0	0	0	0.094	0.900	0.126	0.913
DCN	EGF	9606.ENSP00000052754	9606.ENSP00000265171	0	0	0	0	0	0.042	0	0.916	0.917
DCN	ERBB4	9606.ENSP00000052754	9606.ENSP00000342235	0	0	0	0	0.047	0.094	0.900	0.208	0.922
DCN	KDR	9606.ENSP00000052754	9606.ENSP00000263923	0	0	0	0	0.077	0.071	0	0.926	0.931
DCN	FGF6	9606.ENSP00000052754	9606.ENSP00000228837	0	0	0	0	0	0	0	0.936	0.936
DCN	FGF3	9606.ENSP00000052754	9606.ENSP00000334122	0	0	0	0	0	0	0	0.936	0.936
DCN	FGF4	9606.ENSP00000052754	9606.ENSP00000168712	0	0	0	0	0	0	0	0.936	0.936
DCN	FGF9	9606.ENSP00000052754	9606.ENSP00000371790	0	0	0	0	0.055	0	0	0.936	0.937
DCN	FGF18	9606.ENSP00000052754	9606.ENSP00000274625	0	0	0	0	0.045	0	0	0.937	0.937
DCN	FGF20	9606.ENSP00000052754	9606.ENSP00000180166	0	0	0	0	0.055	0	0	0.937	0.938
DCN	FGF16	9606.ENSP00000052754	9606.ENSP00000399324	0	0	0	0	0.055	0	0	0.937	0.938
DCN	FGF22	9606.ENSP00000052754	9606.ENSP00000215530	0	0	0	0	0.055	0	0	0.939	0.940
DCN	ERBB2	9606.ENSP00000052754	9606.ENSP00000269571	0	0	0	0	0.042	0.094	0.900	0.578	0.958
DCN	MET	9606.ENSP00000052754	9606.ENSP00000317272	0	0	0	0	0.108	0.335	0.900	0.793	0.986
DCN	EGFR	9606.ENSP00000052754	9606.ENSP00000275493	0	0	0	0	0.083	0.537	0.900	0.986	0.999
EGF	FGF4	9606.ENSP00000265171	9606.ENSP00000168712	0	0	0	0	0	0.053	0	0.988	0.989
EGF	FGF20	9606.ENSP00000265171	9606.ENSP00000180166	0	0	0	0	0	0.053	0	0.988	0.988
EGF	FGF22	9606.ENSP00000265171	9606.ENSP00000215530	0	0	0	0	0	0.053	0	0.988	0.989
EGF	PAG1	9606.ENSP00000265171	9606.ENSP00000220597	0	0	0	0	0	0	0.500	0.122	0.542
EGF	PIK3R2	9606.ENSP00000265171	9606.ENSP00000222254	0	0	0	0	0	0	0	0.579	0.579
EGF	HGF	9606.ENSP00000265171	9606.ENSP00000222390	0	0	0	0	0	0.049	0	0.843	0.844
EGF	FGF6	9606.ENSP00000265171	9606.ENSP00000228837	0	0	0	0	0	0.053	0	0.988	0.988
EGF	HBEGF	9606.ENSP00000265171	9606.ENSP00000230990	0	0	0	0	0	0	0.400	0.988	0.992
EGF	PLCG1	9606.ENSP00000265171	9606.ENSP00000244007	0	0	0	0	0	0.046	0.500	0.514	0.747
EGF	EREG	9606.ENSP00000265171	9606.ENSP00000244869	0	0	0	0.667	0	0.405	0.400	0.893	0.958
EGF	PTPN12	9606.ENSP00000265171	9606.ENSP00000248594	0	0	0	0	0	0	0.750	0.263	0.808
EGF	GAB1	9606.ENSP00000265171	9606.ENSP00000262995	0	0	0	0	0.044	0.046	0.400	0.720	0.826
EGF	KDR	9606.ENSP00000265171	9606.ENSP00000263923	0	0	0	0	0	0	0.650	0.802	0.928
EGF	PIK3CA	9606.ENSP00000265171	9606.ENSP00000263967	0	0	0	0	0	0	0.400	0.595	0.746
EGF	SHC2	9606.ENSP00000265171	9606.ENSP00000264554	0	0	0	0	0.052	0	0	0.459	0.465
EGF	SHC3	9606.ENSP00000265171	9606.ENSP00000364995	0	0	0	0	0.052	0	0	0.475	0.481
EGF	MEMO1	9606.ENSP00000265171	9606.ENSP00000295065	0	0	0	0	0	0	0.500	0.075	0.517
EGF	ERBIN	9606.ENSP00000265171	9606.ENSP00000426632	0	0	0	0	0	0.042	0.500	0.230	0.598
EGF	FGF19	9606.ENSP00000265171	9606.ENSP00000294312	0	0	0	0	0	0.053	0	0.718	0.721
EGF	LRIG1	9606.ENSP00000265171	9606.ENSP00000273261	0	0	0	0	0	0.042	0.400	0.641	0.776
EGF	PTK6	9606.ENSP00000265171	9606.ENSP00000442460	0	0	0	0	0	0	0.500	0.578	0.780
EGF	NRG4	9606.ENSP00000265171	9606.ENSP00000378367	0	0	0	0	0.042	0	0.400	0.684	0.802
EGF	SOS1	9606.ENSP00000265171	9606.ENSP00000384675	0	0	0	0	0	0	0.400	0.691	0.806
EGF	NRG3	9606.ENSP00000265171	9606.ENSP00000361214	0	0	0	0	0	0	0.400	0.775	0.859
EGF	NRG2	9606.ENSP00000265171	9606.ENSP00000354910	0	0	0	0	0	0.071	0.400	0.820	0.891
EGF	SHC1	9606.ENSP00000265171	9606.ENSP00000401303	0	0	0	0	0.052	0.292	0.400	0.834	0.924
EGF	EPGN	9606.ENSP00000265171	9606.ENSP00000411898	0	0	0	0	0	0.405	0.400	0.819	0.929
EGF	MET	9606.ENSP00000265171	9606.ENSP00000317272	0	0	0	0	0	0	0.650	0.851	0.945
EGF	NRG1	9606.ENSP00000265171	9606.ENSP00000287842	0	0	0	0	0.042	0.423	0.400	0.927	0.972
EGF	FGF9	9606.ENSP00000265171	9606.ENSP00000371790	0	0	0	0	0	0.053	0	0.988	0.988
EGF	FGF17	9606.ENSP00000265171	9606.ENSP00000352414	0	0	0	0	0	0.053	0	0.988	0.988
EGF	FGF18	9606.ENSP00000265171	9606.ENSP00000274625	0	0	0	0	0	0.053	0	0.988	0.988
EGF	FGF3	9606.ENSP00000265171	9606.ENSP00000334122	0	0	0	0	0	0.053	0	0.988	0.988
EGF	FGF16	9606.ENSP00000265171	9606.ENSP00000399324	0	0	0	0	0	0.053	0	0.988	0.988
EGF	FGF5	9606.ENSP00000265171	9606.ENSP00000311697	0	0	0	0	0	0.410	0	0.988	0.993
EGF	IGF1R	9606.ENSP00000265171	9606.ENSP00000497069	0	0	0	0	0	0.062	0.900	0.979	0.997
EGF	TGFA	9606.ENSP00000265171	9606.ENSP00000404131	0	0	0	0.668	0	0	0.900	0.987	0.998
EGF	ERBB2	9606.ENSP00000265171	9606.ENSP00000269571	0	0	0	0	0.128	0.314	0.900	0.998	0.999
EGF	EGFR	9606.ENSP00000265171	9606.ENSP00000275493	0	0	0	0	0.128	0.999	0.900	0.999	0.999
EGF	ERBB4	9606.ENSP00000265171	9606.ENSP00000342235	0	0	0	0	0.136	0.071	0.650	0.997	0.999
EGF	ERBB3	9606.ENSP00000265171	9606.ENSP00000267101	0	0	0	0	0.128	0.314	0.900	0.998	0.999
EGFR	FGF4	9606.ENSP00000275493	9606.ENSP00000168712	0	0	0	0	0	0	0.650	0.788	0.922
EGFR	FGF20	9606.ENSP00000275493	9606.ENSP00000180166	0	0	0	0	0.062	0	0.650	0.796	0.927
EGFR	FGF22	9606.ENSP00000275493	9606.ENSP00000215530	0	0	0	0	0.062	0	0.650	0.794	0.926
EGFR	PAG1	9606.ENSP00000275493	9606.ENSP00000220597	0	0	0	0	0	0.292	0.500	0.160	0.676
EGFR	PIK3R2	9606.ENSP00000275493	9606.ENSP00000222254	0	0	0	0	0.044	0.848	0.900	0.623	0.993
EGFR	HGF	9606.ENSP00000275493	9606.ENSP00000222390	0	0	0	0	0	0	0.650	0.947	0.980
EGFR	FGF6	9606.ENSP00000275493	9606.ENSP00000228837	0	0	0	0	0.066	0	0.650	0.787	0.924
EGFR	HBEGF	9606.ENSP00000275493	9606.ENSP00000230990	0	0	0	0	0	0.812	0.900	0.998	0.999
EGFR	PLCG1	9606.ENSP00000275493	9606.ENSP00000244007	0	0	0	0	0.042	0.898	0.900	0.803	0.997
EGFR	EREG	9606.ENSP00000275493	9606.ENSP00000244869	0	0	0	0	0.042	0.966	0.900	0.996	0.999
EGFR	PTPN12	9606.ENSP00000275493	9606.ENSP00000248594	0	0	0	0	0	0.788	0.750	0.362	0.963
EGFR	PIK3R3	9606.ENSP00000275493	9606.ENSP00000262741	0	0	0	0	0	0.810	0.900	0.554	0.990
EGFR	GAB1	9606.ENSP00000275493	9606.ENSP00000262995	0	0	0	0	0.044	0.877	0.900	0.986	0.999
EGFR	KDR	9606.ENSP00000275493	9606.ENSP00000263923	0	0	0	0.564	0.075	0.139	0	0.774	0.805
EGFR	PIK3CA	9606.ENSP00000275493	9606.ENSP00000263967	0	0	0	0	0	0.790	0.900	0.976	0.999
EGFR	SHC2	9606.ENSP00000275493	9606.ENSP00000264554	0	0	0	0	0.074	0.753	0.900	0.529	0.987
EGFR	ERBB3	9606.ENSP00000275493	9606.ENSP00000267101	0	0	0.061	0.910	0.042	0.986	0.800	0.984	0.999
EGFR	ERBB2	9606.ENSP00000275493	9606.ENSP00000269571	0	0	0.064	0.939	0.080	0.998	0.900	0.983	0.999
EGFR	LRIG1	9606.ENSP00000275493	9606.ENSP00000273261	0	0	0	0	0	0.795	0.400	0.817	0.975
EGFR	FGF18	9606.ENSP00000275493	9606.ENSP00000274625	0	0	0	0	0	0	0.650	0.811	0.931
EGFR	MEMO1	9606.ENSP00000275493	9606.ENSP00000295065	0	0	0	0	0.042	0	0.500	0.150	0.557
EGFR	FGF19	9606.ENSP00000275493	9606.ENSP00000294312	0	0	0	0	0	0	0.650	0.438	0.795
EGFR	NRG3	9606.ENSP00000275493	9606.ENSP00000361214	0	0	0	0	0	0	0.400	0.789	0.867
EGFR	ERBIN	9606.ENSP00000275493	9606.ENSP00000426632	0	0	0	0	0.042	0.175	0.500	0.721	0.875
EGFR	FGF5	9606.ENSP00000275493	9606.ENSP00000311697	0	0	0	0	0.049	0	0.650	0.786	0.922
EGFR	FGF17	9606.ENSP00000275493	9606.ENSP00000352414	0	0	0	0	0	0	0.650	0.787	0.922
EGFR	FGF16	9606.ENSP00000275493	9606.ENSP00000399324	0	0	0	0	0.062	0	0.650	0.797	0.927
EGFR	FGF9	9606.ENSP00000275493	9606.ENSP00000371790	0	0	0	0	0.062	0	0.650	0.798	0.928
EGFR	FGF3	9606.ENSP00000275493	9606.ENSP00000334122	0	0	0	0	0	0	0.650	0.804	0.928
EGFR	NRG4	9606.ENSP00000275493	9606.ENSP00000378367	0	0	0	0	0.054	0.131	0.400	0.885	0.936
EGFR	SHC3	9606.ENSP00000275493	9606.ENSP00000364995	0	0	0	0	0.086	0.849	0.900	0.282	0.988
EGFR	SHC4	9606.ENSP00000275493	9606.ENSP00000329668	0	0	0	0	0	0.857	0.900	0.251	0.988
EGFR	PTK6	9606.ENSP00000275493	9606.ENSP00000442460	0	0	0	0.684	0.042	0.624	0.500	0.947	0.989
EGFR	IGF1R	9606.ENSP00000275493	9606.ENSP00000497069	0	0	0	0.571	0.113	0.585	0	0.972	0.989
EGFR	ERBB4	9606.ENSP00000275493	9606.ENSP00000342235	0	0	0.051	0.945	0	0.786	0.400	0.977	0.996
EGFR	MET	9606.ENSP00000275493	9606.ENSP00000317272	0	0	0	0.582	0.250	0.806	0	0.978	0.996
EGFR	NRG2	9606.ENSP00000275493	9606.ENSP00000354910	0	0	0	0	0.067	0.287	0.900	0.958	0.996
EGFR	NRG1	9606.ENSP00000275493	9606.ENSP00000287842	0	0	0	0	0.074	0.790	0.900	0.997	0.999
EGFR	TGFA	9606.ENSP00000275493	9606.ENSP00000404131	0	0	0	0	0.062	0.983	0.900	0.998	0.999
EGFR	SHC1	9606.ENSP00000275493	9606.ENSP00000401303	0	0	0	0	0.067	0.995	0.900	0.994	0.999
EGFR	SOS1	9606.ENSP00000275493	9606.ENSP00000384675	0	0	0	0	0.044	0.994	0.900	0.942	0.999
EGFR	EPGN	9606.ENSP00000275493	9606.ENSP00000411898	0	0	0	0	0	0.958	0.400	0.992	0.999
EPGN	PAG1	9606.ENSP00000411898	9606.ENSP00000220597	0	0	0	0	0	0	0.500	0	0.499
EPGN	HBEGF	9606.ENSP00000411898	9606.ENSP00000230990	0	0	0	0	0	0	0.400	0.857	0.910
EPGN	PLCG1	9606.ENSP00000411898	9606.ENSP00000244007	0	0	0	0	0	0	0.500	0.091	0.526
EPGN	EREG	9606.ENSP00000411898	9606.ENSP00000244869	0	0	0	0.676	0.074	0	0.400	0.678	0.805
EPGN	GAB1	9606.ENSP00000411898	9606.ENSP00000262995	0	0	0	0	0	0	0.400	0.141	0.462
EPGN	PIK3CA	9606.ENSP00000411898	9606.ENSP00000263967	0	0	0	0	0	0	0.400	0.146	0.465
EPGN	ERBB3	9606.ENSP00000411898	9606.ENSP00000267101	0	0	0	0	0	0	0	0.623	0.623
EPGN	ERBB2	9606.ENSP00000411898	9606.ENSP00000269571	0	0	0	0	0	0	0	0.506	0.506
EPGN	LRIG1	9606.ENSP00000411898	9606.ENSP00000273261	0	0	0	0	0	0	0.400	0.203	0.501
EPGN	NRG1	9606.ENSP00000411898	9606.ENSP00000287842	0	0	0	0	0	0	0	0.459	0.459
EPGN	ERBB4	9606.ENSP00000411898	9606.ENSP00000342235	0	0	0	0	0	0	0	0.746	0.746
EPGN	NRG2	9606.ENSP00000411898	9606.ENSP00000354910	0	0	0	0	0	0	0	0.614	0.614
EPGN	NRG3	9606.ENSP00000411898	9606.ENSP00000361214	0	0	0	0	0	0	0	0.526	0.526
EPGN	NRG4	9606.ENSP00000411898	9606.ENSP00000378367	0	0	0	0	0	0	0	0.613	0.613
EPGN	SOS1	9606.ENSP00000411898	9606.ENSP00000384675	0	0	0	0	0	0	0.400	0.166	0.478
EPGN	SHC1	9606.ENSP00000411898	9606.ENSP00000401303	0	0	0	0	0	0	0.400	0.248	0.529
EPGN	TGFA	9606.ENSP00000411898	9606.ENSP00000404131	0	0	0	0.681	0	0	0.400	0.567	0.729
ERBB2	FGF4	9606.ENSP00000269571	9606.ENSP00000168712	0	0	0	0	0.044	0	0.650	0.527	0.828
ERBB2	FGF20	9606.ENSP00000269571	9606.ENSP00000180166	0	0	0	0	0.062	0	0.650	0.519	0.828
ERBB2	FGF22	9606.ENSP00000269571	9606.ENSP00000215530	0	0	0	0	0.062	0	0.650	0.509	0.824
ERBB2	PAG1	9606.ENSP00000269571	9606.ENSP00000220597	0	0	0	0	0	0	0	0.425	0.424
ERBB2	PIK3R2	9606.ENSP00000269571	9606.ENSP00000222254	0	0	0	0	0.049	0.794	0.900	0.365	0.985
ERBB2	HGF	9606.ENSP00000269571	9606.ENSP00000222390	0	0	0	0	0	0.193	0.650	0.736	0.918
ERBB2	FGF6	9606.ENSP00000269571	9606.ENSP00000228837	0	0	0	0	0.071	0	0.650	0.497	0.822
ERBB2	HBEGF	9606.ENSP00000269571	9606.ENSP00000230990	0	0	0	0	0	0	0.400	0.911	0.944
ERBB2	PLCG1	9606.ENSP00000269571	9606.ENSP00000244007	0	0	0	0	0.049	0.695	0.900	0.446	0.981
ERBB2	EREG	9606.ENSP00000269571	9606.ENSP00000244869	0	0	0	0	0	0	0.650	0.616	0.860
ERBB2	PTPN12	9606.ENSP00000269571	9606.ENSP00000248594	0	0	0	0	0	0.408	0.750	0.596	0.935
ERBB2	PIK3R3	9606.ENSP00000269571	9606.ENSP00000262741	0	0	0	0	0.044	0.440	0.900	0.593	0.975
ERBB2	GAB1	9606.ENSP00000269571	9606.ENSP00000262995	0	0	0	0	0.049	0.314	0.900	0.300	0.948
ERBB2	KDR	9606.ENSP00000269571	9606.ENSP00000263923	0	0	0	0.561	0.055	0.139	0	0.593	0.640
ERBB2	PIK3CA	9606.ENSP00000269571	9606.ENSP00000263967	0	0	0	0	0	0.115	0.900	0.927	0.992
ERBB2	SHC2	9606.ENSP00000269571	9606.ENSP00000264554	0	0	0	0	0.044	0.521	0.900	0.239	0.960
ERBB2	ERBB3	9606.ENSP00000269571	9606.ENSP00000267101	0	0	0.081	0.893	0.086	0.997	0.900	0.984	0.999
ERBB2	FGF19	9606.ENSP00000269571	9606.ENSP00000294312	0	0	0	0	0	0	0.650	0.365	0.768
ERBB2	MEMO1	9606.ENSP00000269571	9606.ENSP00000295065	0	0	0	0	0	0.292	0.500	0.473	0.797
ERBB2	SOS1	9606.ENSP00000269571	9606.ENSP00000384675	0	0	0	0	0	0.115	0.400	0.661	0.804
ERBB2	FGF17	9606.ENSP00000269571	9606.ENSP00000352414	0	0	0	0	0	0	0.650	0.495	0.815
ERBB2	FGF5	9606.ENSP00000269571	9606.ENSP00000311697	0	0	0	0	0	0	0.650	0.497	0.816
ERBB2	LRIG1	9606.ENSP00000269571	9606.ENSP00000273261	0	0	0	0	0.060	0.749	0	0.329	0.828
ERBB2	FGF9	9606.ENSP00000269571	9606.ENSP00000371790	0	0	0	0	0.062	0	0.650	0.522	0.829
ERBB2	FGF16	9606.ENSP00000269571	9606.ENSP00000399324	0	0	0	0	0.062	0	0.650	0.521	0.829
ERBB2	FGF3	9606.ENSP00000269571	9606.ENSP00000334122	0	0	0	0	0.042	0	0.650	0.541	0.832
ERBB2	FGF18	9606.ENSP00000269571	9606.ENSP00000274625	0	0	0	0	0	0	0.650	0.551	0.836
ERBB2	PTK6	9606.ENSP00000269571	9606.ENSP00000442460	0	0	0	0.683	0.056	0.622	0.500	0.198	0.838
ERBB2	MET	9606.ENSP00000269571	9606.ENSP00000317272	0	0	0	0.581	0.072	0.617	0	0.604	0.847
ERBB2	NRG3	9606.ENSP00000269571	9606.ENSP00000361214	0	0	0	0	0	0	0.400	0.796	0.872
ERBB2	NRG4	9606.ENSP00000269571	9606.ENSP00000378367	0	0	0	0	0.054	0.131	0.400	0.776	0.874
ERBB2	SHC4	9606.ENSP00000269571	9606.ENSP00000329668	0	0	0	0	0	0.387	0.900	0.191	0.946
ERBB2	SHC3	9606.ENSP00000269571	9606.ENSP00000364995	0	0	0	0	0	0.538	0.900	0.231	0.961
ERBB2	IGF1R	9606.ENSP00000269571	9606.ENSP00000497069	0	0	0	0.569	0.083	0.693	0	0.979	0.993
ERBB2	NRG2	9606.ENSP00000269571	9606.ENSP00000354910	0	0	0	0	0	0.287	0.900	0.929	0.994
ERBB2	TGFA	9606.ENSP00000269571	9606.ENSP00000404131	0	0	0	0	0	0.409	0.900	0.978	0.998
ERBB2	ERBB4	9606.ENSP00000269571	9606.ENSP00000342235	0	0	0.055	0.927	0	0.850	0.900	0.983	0.999
ERBB2	NRG1	9606.ENSP00000269571	9606.ENSP00000287842	0	0	0	0	0	0.898	0.900	0.998	0.999
ERBB2	ERBIN	9606.ENSP00000269571	9606.ENSP00000426632	0	0	0	0	0	0.842	0.800	0.993	0.999
ERBB2	SHC1	9606.ENSP00000269571	9606.ENSP00000401303	0	0	0	0	0.058	0.921	0.900	0.991	0.999
ERBB3	FGF4	9606.ENSP00000267101	9606.ENSP00000168712	0	0	0	0	0.061	0	0.650	0.575	0.848
ERBB3	FGF20	9606.ENSP00000267101	9606.ENSP00000180166	0	0	0	0	0.067	0	0.650	0.360	0.773
ERBB3	FGF22	9606.ENSP00000267101	9606.ENSP00000215530	0	0	0	0	0.066	0	0.650	0.347	0.767
ERBB3	PIK3R2	9606.ENSP00000267101	9606.ENSP00000222254	0	0	0	0	0.044	0.775	0.900	0.613	0.990
ERBB3	HGF	9606.ENSP00000267101	9606.ENSP00000222390	0	0	0	0	0	0	0.900	0.543	0.952
ERBB3	FGF6	9606.ENSP00000267101	9606.ENSP00000228837	0	0	0	0	0.067	0	0.650	0.331	0.762
ERBB3	HBEGF	9606.ENSP00000267101	9606.ENSP00000230990	0	0	0	0	0	0	0.400	0.986	0.991
ERBB3	PLCG1	9606.ENSP00000267101	9606.ENSP00000244007	0	0	0	0	0	0.384	0.900	0.391	0.959
ERBB3	EREG	9606.ENSP00000267101	9606.ENSP00000244869	0	0	0	0	0	0	0.650	0.952	0.982
ERBB3	PTPN12	9606.ENSP00000267101	9606.ENSP00000248594	0	0	0	0	0	0.204	0.500	0.200	0.654
ERBB3	PIK3R3	9606.ENSP00000267101	9606.ENSP00000262741	0	0	0	0	0	0.441	0.900	0.346	0.960
ERBB3	GAB1	9606.ENSP00000267101	9606.ENSP00000262995	0	0	0	0	0.049	0.071	0.900	0.327	0.932
ERBB3	KDR	9606.ENSP00000267101	9606.ENSP00000263923	0	0	0	0.557	0.055	0.139	0	0.528	0.582
ERBB3	PIK3CA	9606.ENSP00000267101	9606.ENSP00000263967	0	0	0	0	0	0.597	0.900	0.856	0.993
ERBB3	SHC2	9606.ENSP00000267101	9606.ENSP00000264554	0	0	0	0	0.042	0.369	0.900	0.415	0.959
ERBB3	MEMO1	9606.ENSP00000267101	9606.ENSP00000295065	0	0	0	0	0	0	0.500	0.068	0.514
ERBB3	LRIG1	9606.ENSP00000267101	9606.ENSP00000273261	0	0	0	0	0	0.331	0	0.338	0.538
ERBB3	SOS1	9606.ENSP00000267101	9606.ENSP00000384675	0	0	0	0	0	0.115	0.400	0.452	0.684
ERBB3	FGF19	9606.ENSP00000267101	9606.ENSP00000294312	0	0	0	0	0.062	0	0.650	0.234	0.726
ERBB3	FGF17	9606.ENSP00000267101	9606.ENSP00000352414	0	0	0	0	0	0	0.650	0.330	0.755
ERBB3	FGF5	9606.ENSP00000267101	9606.ENSP00000311697	0	0	0	0	0	0	0.650	0.335	0.757
ERBB3	FGF3	9606.ENSP00000267101	9606.ENSP00000334122	0	0	0	0	0	0	0.650	0.354	0.764
ERBB3	FGF16	9606.ENSP00000267101	9606.ENSP00000399324	0	0	0	0	0.067	0	0.650	0.362	0.773
ERBB3	FGF9	9606.ENSP00000267101	9606.ENSP00000371790	0	0	0	0	0.067	0	0.650	0.372	0.777
ERBB3	FGF18	9606.ENSP00000267101	9606.ENSP00000274625	0	0	0	0	0	0	0.650	0.406	0.783
ERBB3	ERBIN	9606.ENSP00000267101	9606.ENSP00000426632	0	0	0	0	0.042	0.094	0.500	0.602	0.804
ERBB3	PTK6	9606.ENSP00000267101	9606.ENSP00000442460	0	0	0	0.670	0.062	0.606	0.500	0.146	0.821
ERBB3	IGF1R	9606.ENSP00000267101	9606.ENSP00000497069	0	0	0	0.569	0.076	0.091	0	0.927	0.933
ERBB3	SHC4	9606.ENSP00000267101	9606.ENSP00000329668	0	0	0	0	0	0.369	0.900	0.191	0.944
ERBB3	NRG3	9606.ENSP00000267101	9606.ENSP00000361214	0	0	0	0	0	0	0.400	0.933	0.958
ERBB3	SHC3	9606.ENSP00000267101	9606.ENSP00000364995	0	0	0	0	0	0.517	0.900	0.213	0.958
ERBB3	NRG4	9606.ENSP00000267101	9606.ENSP00000378367	0	0	0	0	0.054	0.131	0.400	0.968	0.982
ERBB3	MET	9606.ENSP00000267101	9606.ENSP00000317272	0	0	0	0.566	0.109	0.536	0.900	0.735	0.987
ERBB3	TGFA	9606.ENSP00000267101	9606.ENSP00000404131	0	0	0	0	0	0	0.900	0.982	0.998
ERBB3	NRG2	9606.ENSP00000267101	9606.ENSP00000354910	0	0	0	0	0	0.635	0.900	0.998	0.999
ERBB3	SHC1	9606.ENSP00000267101	9606.ENSP00000401303	0	0	0	0	0	0.907	0.900	0.976	0.999
ERBB3	ERBB4	9606.ENSP00000267101	9606.ENSP00000342235	0	0	0.061	0.929	0.060	0.622	0.900	0.983	0.999
ERBB3	NRG1	9606.ENSP00000267101	9606.ENSP00000287842	0	0	0	0	0	0.992	0.900	0.999	0.999
ERBB4	FGF4	9606.ENSP00000342235	9606.ENSP00000168712	0	0	0	0	0	0	0.650	0.330	0.755
ERBB4	FGF20	9606.ENSP00000342235	9606.ENSP00000180166	0	0	0	0	0.067	0	0.650	0.340	0.765
ERBB4	FGF22	9606.ENSP00000342235	9606.ENSP00000215530	0	0	0	0	0.066	0	0.650	0.320	0.758
ERBB4	PIK3R2	9606.ENSP00000342235	9606.ENSP00000222254	0	0	0	0	0	0.654	0.900	0.394	0.977
ERBB4	HGF	9606.ENSP00000342235	9606.ENSP00000222390	0	0	0	0	0	0	0.650	0.401	0.781
ERBB4	FGF6	9606.ENSP00000342235	9606.ENSP00000228837	0	0	0	0	0.067	0	0.650	0.307	0.754
ERBB4	HBEGF	9606.ENSP00000342235	9606.ENSP00000230990	0	0	0	0	0	0.363	0.900	0.995	0.999
ERBB4	PLCG1	9606.ENSP00000342235	9606.ENSP00000244007	0	0	0	0	0	0.224	0.900	0.625	0.968
ERBB4	EREG	9606.ENSP00000342235	9606.ENSP00000244869	0	0	0	0	0	0.292	0.900	0.994	0.999
ERBB4	PTPN12	9606.ENSP00000342235	9606.ENSP00000248594	0	0	0	0	0	0.204	0.500	0.136	0.626
ERBB4	PIK3R3	9606.ENSP00000342235	9606.ENSP00000262741	0	0	0	0	0.067	0.194	0.900	0.325	0.942
ERBB4	GAB1	9606.ENSP00000342235	9606.ENSP00000262995	0	0	0	0	0	0.071	0.400	0.218	0.526
ERBB4	KDR	9606.ENSP00000342235	9606.ENSP00000263923	0	0	0	0.560	0.057	0.139	0	0.542	0.596
ERBB4	PIK3CA	9606.ENSP00000342235	9606.ENSP00000263967	0	0	0	0	0	0	0.900	0.713	0.970
ERBB4	SHC2	9606.ENSP00000342235	9606.ENSP00000264554	0	0	0	0	0.083	0.369	0.900	0.366	0.958
ERBB4	LRIG1	9606.ENSP00000342235	9606.ENSP00000273261	0	0	0	0	0.067	0.645	0	0.291	0.745
ERBB4	FGF18	9606.ENSP00000342235	9606.ENSP00000274625	0	0	0	0	0.062	0	0.650	0.384	0.780
ERBB4	NRG1	9606.ENSP00000342235	9606.ENSP00000287842	0	0	0	0	0	0.978	0.900	0.999	0.999
ERBB4	FGF19	9606.ENSP00000342235	9606.ENSP00000294312	0	0	0	0	0	0	0.650	0.201	0.708
ERBB4	MEMO1	9606.ENSP00000342235	9606.ENSP00000295065	0	0	0	0	0	0	0.500	0.072	0.516
ERBB4	FGF5	9606.ENSP00000342235	9606.ENSP00000311697	0	0	0	0	0	0	0.650	0.307	0.747
ERBB4	SHC4	9606.ENSP00000342235	9606.ENSP00000329668	0	0	0	0	0	0.369	0.900	0.164	0.942
ERBB4	FGF3	9606.ENSP00000342235	9606.ENSP00000334122	0	0	0	0	0.068	0	0.650	0.339	0.765
ERBB4	SOS1	9606.ENSP00000342235	9606.ENSP00000384675	0	0	0	0	0	0.115	0.400	0.373	0.638
ERBB4	PTK6	9606.ENSP00000342235	9606.ENSP00000442460	0	0	0	0.688	0	0.230	0.500	0.137	0.639
ERBB4	ERBIN	9606.ENSP00000342235	9606.ENSP00000426632	0	0	0	0	0.043	0.094	0.500	0.300	0.656
ERBB4	FGF17	9606.ENSP00000342235	9606.ENSP00000352414	0	0	0	0	0.099	0	0.650	0.323	0.767
ERBB4	FGF16	9606.ENSP00000342235	9606.ENSP00000399324	0	0	0	0	0.067	0	0.650	0.348	0.768
ERBB4	FGF9	9606.ENSP00000342235	9606.ENSP00000371790	0	0	0	0	0.092	0	0.650	0.367	0.781
ERBB4	SHC3	9606.ENSP00000342235	9606.ENSP00000364995	0	0	0	0	0.084	0.392	0.900	0.169	0.947
ERBB4	TGFA	9606.ENSP00000342235	9606.ENSP00000404131	0	0	0	0	0	0	0.650	0.971	0.989
ERBB4	SHC1	9606.ENSP00000342235	9606.ENSP00000401303	0	0	0	0	0	0.870	0.900	0.933	0.999
ERBB4	NRG3	9606.ENSP00000342235	9606.ENSP00000361214	0	0	0	0	0.109	0	0.900	0.998	0.999
ERBB4	NRG2	9606.ENSP00000342235	9606.ENSP00000354910	0	0	0	0	0.074	0.635	0.900	0.998	0.999
ERBB4	NRG4	9606.ENSP00000342235	9606.ENSP00000378367	0	0	0	0	0.054	0.131	0.900	0.998	0.999
ERBIN	PIK3R2	9606.ENSP00000426632	9606.ENSP00000222254	0	0	0	0	0.042	0	0.400	0.051	0.406
ERBIN	HBEGF	9606.ENSP00000426632	9606.ENSP00000230990	0	0	0	0	0	0	0.500	0.151	0.557
ERBIN	PLCG1	9606.ENSP00000426632	9606.ENSP00000244007	0	0	0	0	0.056	0	0.500	0.073	0.524
ERBIN	EREG	9606.ENSP00000426632	9606.ENSP00000244869	0	0	0	0	0.044	0	0.500	0.189	0.578
ERBIN	PIK3R3	9606.ENSP00000426632	9606.ENSP00000262741	0	0	0	0	0	0	0.400	0.090	0.430
ERBIN	GAB1	9606.ENSP00000426632	9606.ENSP00000262995	0	0	0	0	0.056	0	0.500	0	0.507
ERBIN	PIK3CA	9606.ENSP00000426632	9606.ENSP00000263967	0	0	0	0	0.133	0.046	0.400	0.091	0.488
ERBIN	NRG1	9606.ENSP00000426632	9606.ENSP00000287842	0	0	0	0	0	0.108	0.500	0.343	0.681
ERBIN	NRG2	9606.ENSP00000426632	9606.ENSP00000354910	0	0	0	0	0	0.108	0.500	0.158	0.591
ERBIN	NRG3	9606.ENSP00000426632	9606.ENSP00000361214	0	0	0	0	0	0	0.500	0.079	0.519
ERBIN	NRG4	9606.ENSP00000426632	9606.ENSP00000378367	0	0	0	0	0	0.053	0.500	0.085	0.529
ERBIN	SOS1	9606.ENSP00000426632	9606.ENSP00000384675	0	0	0	0	0.129	0.052	0.500	0.169	0.611
ERBIN	SHC1	9606.ENSP00000426632	9606.ENSP00000401303	0	0	0	0	0.091	0	0.500	0.150	0.580
EREG	PAG1	9606.ENSP00000244869	9606.ENSP00000220597	0	0	0	0	0.042	0	0.500	0	0.500
EREG	HBEGF	9606.ENSP00000244869	9606.ENSP00000230990	0	0	0	0	0.127	0	0.400	0.928	0.959
EREG	PLCG1	9606.ENSP00000244869	9606.ENSP00000244007	0	0	0	0	0	0	0.500	0.165	0.564
EREG	GAB1	9606.ENSP00000244869	9606.ENSP00000262995	0	0	0	0	0	0	0.400	0.157	0.472
EREG	LRIG1	9606.ENSP00000244869	9606.ENSP00000273261	0	0	0	0	0	0	0.400	0.204	0.502
EREG	MEMO1	9606.ENSP00000244869	9606.ENSP00000295065	0	0	0	0	0	0	0.500	0.054	0.506
EREG	SOS1	9606.ENSP00000244869	9606.ENSP00000384675	0	0	0	0	0	0	0.400	0.213	0.507
EREG	PTPN12	9606.ENSP00000244869	9606.ENSP00000248594	0	0	0	0	0.060	0	0.500	0.106	0.543
EREG	PTK6	9606.ENSP00000244869	9606.ENSP00000442460	0	0	0	0	0.067	0	0.500	0.111	0.549
EREG	SHC1	9606.ENSP00000244869	9606.ENSP00000401303	0	0	0	0	0	0	0.400	0.308	0.567
EREG	PIK3CA	9606.ENSP00000244869	9606.ENSP00000263967	0	0	0	0	0	0	0.400	0.370	0.605
EREG	NRG3	9606.ENSP00000244869	9606.ENSP00000361214	0	0	0	0	0	0	0.400	0.570	0.730
EREG	KDR	9606.ENSP00000244869	9606.ENSP00000263923	0	0	0	0	0	0	0.650	0.276	0.735
EREG	NRG4	9606.ENSP00000244869	9606.ENSP00000378367	0	0	0	0	0	0	0.400	0.585	0.740
EREG	IGF1R	9606.ENSP00000244869	9606.ENSP00000497069	0	0	0	0	0	0	0.650	0.339	0.759
EREG	NRG2	9606.ENSP00000244869	9606.ENSP00000354910	0	0	0	0	0	0	0.400	0.630	0.768
EREG	MET	9606.ENSP00000244869	9606.ENSP00000317272	0	0	0	0	0.075	0	0.650	0.365	0.776
EREG	NRG1	9606.ENSP00000244869	9606.ENSP00000287842	0	0	0	0	0.070	0.405	0.400	0.590	0.845
EREG	TGFA	9606.ENSP00000244869	9606.ENSP00000404131	0	0	0	0	0.056	0	0.400	0.871	0.920
FGF16	FGF4	9606.ENSP00000399324	9606.ENSP00000168712	0	0	0.128	0.784	0.162	0	0.400	0.118	0.562
FGF16	FGF20	9606.ENSP00000399324	9606.ENSP00000180166	0	0	0.058	0.963	0	0	0.400	0.049	0.416
FGF16	FGF22	9606.ENSP00000399324	9606.ENSP00000215530	0	0	0.084	0.872	0.124	0	0.400	0.090	0.503
FGF16	PIK3R2	9606.ENSP00000399324	9606.ENSP00000222254	0	0	0	0	0	0	0.400	0.160	0.474
FGF16	HGF	9606.ENSP00000399324	9606.ENSP00000222390	0	0	0	0	0	0	0	0.867	0.867
FGF16	FGF6	9606.ENSP00000399324	9606.ENSP00000228837	0	0	0.122	0.788	0.139	0	0.400	0.100	0.537
FGF16	HBEGF	9606.ENSP00000399324	9606.ENSP00000230990	0	0	0	0	0	0	0	0.640	0.640
FGF16	PLCG1	9606.ENSP00000399324	9606.ENSP00000244007	0	0	0	0	0	0	0.500	0.286	0.628
FGF16	GAB1	9606.ENSP00000399324	9606.ENSP00000262995	0	0	0	0	0	0	0.400	0.208	0.504
FGF16	KDR	9606.ENSP00000399324	9606.ENSP00000263923	0	0	0	0	0.080	0.168	0.650	0.770	0.930
FGF16	PIK3CA	9606.ENSP00000399324	9606.ENSP00000263967	0	0	0	0	0	0	0.400	0.301	0.563
FGF16	FGF18	9606.ENSP00000399324	9606.ENSP00000274625	0	0	0	0.655	0.043	0	0.400	0.273	0.546
FGF16	NRG1	9606.ENSP00000399324	9606.ENSP00000287842	0	0	0	0	0	0	0	0.418	0.418
FGF16	FGF19	9606.ENSP00000399324	9606.ENSP00000294312	0	0	0	0	0.068	0	0.400	0.578	0.744
FGF16	FGF5	9606.ENSP00000399324	9606.ENSP00000311697	0	0	0	0.826	0.054	0	0.400	0.367	0.609
FGF16	MET	9606.ENSP00000399324	9606.ENSP00000317272	0	0	0	0	0.067	0	0.650	0.622	0.865
FGF16	FGF3	9606.ENSP00000399324	9606.ENSP00000334122	0	0	0.085	0.847	0	0	0.400	0.089	0.456
FGF16	FGF17	9606.ENSP00000399324	9606.ENSP00000352414	0	0	0	0.654	0.066	0	0.400	0.128	0.469
FGF16	NRG2	9606.ENSP00000399324	9606.ENSP00000354910	0	0	0	0	0	0	0	0.427	0.427
FGF16	NRG3	9606.ENSP00000399324	9606.ENSP00000361214	0	0	0	0	0	0	0	0.419	0.418
FGF16	FGF9	9606.ENSP00000399324	9606.ENSP00000371790	0	0	0.052	0.969	0	0	0.400	0.055	0.415
FGF16	SOS1	9606.ENSP00000399324	9606.ENSP00000384675	0	0	0	0	0.048	0	0.400	0.312	0.572
FGF16	SHC1	9606.ENSP00000399324	9606.ENSP00000401303	0	0	0	0	0.049	0	0.400	0.325	0.581
FGF16	TGFA	9606.ENSP00000399324	9606.ENSP00000404131	0	0	0	0	0.057	0	0	0.585	0.591
FGF16	IGF1R	9606.ENSP00000399324	9606.ENSP00000497069	0	0	0	0	0	0	0.650	0.603	0.855
FGF17	FGF4	9606.ENSP00000352414	9606.ENSP00000168712	0	0	0	0.672	0.095	0	0.400	0.226	0.543
FGF17	FGF20	9606.ENSP00000352414	9606.ENSP00000180166	0	0	0	0.656	0.077	0	0.400	0.128	0.475
FGF17	FGF22	9606.ENSP00000352414	9606.ENSP00000215530	0	0	0	0.656	0.072	0	0.400	0.204	0.518
FGF17	PIK3R2	9606.ENSP00000352414	9606.ENSP00000222254	0	0	0	0	0.044	0	0.400	0.166	0.479
FGF17	HGF	9606.ENSP00000352414	9606.ENSP00000222390	0	0	0	0	0	0	0	0.872	0.872
FGF17	FGF6	9606.ENSP00000352414	9606.ENSP00000228837	0	0	0.097	0.663	0.048	0	0.400	0.126	0.489
FGF17	HBEGF	9606.ENSP00000352414	9606.ENSP00000230990	0	0	0	0	0	0	0	0.640	0.640
FGF17	PLCG1	9606.ENSP00000352414	9606.ENSP00000244007	0	0	0	0	0	0	0.500	0.247	0.607
FGF17	GAB1	9606.ENSP00000352414	9606.ENSP00000262995	0	0	0	0	0	0	0.400	0.200	0.499
FGF17	KDR	9606.ENSP00000352414	9606.ENSP00000263923	0	0	0	0	0	0.168	0.650	0.769	0.927
FGF17	PIK3CA	9606.ENSP00000352414	9606.ENSP00000263967	0	0	0	0	0	0	0.400	0.289	0.555
FGF17	FGF18	9606.ENSP00000352414	9606.ENSP00000274625	0	0	0.057	0.941	0.060	0	0.400	0.093	0.453
FGF17	NRG1	9606.ENSP00000352414	9606.ENSP00000287842	0	0	0	0	0.042	0	0	0.402	0.402
FGF17	FGF19	9606.ENSP00000352414	9606.ENSP00000294312	0	0	0	0	0.042	0	0.400	0.798	0.873
FGF17	FGF5	9606.ENSP00000352414	9606.ENSP00000311697	0	0	0	0	0	0	0.400	0.332	0.582
FGF17	MET	9606.ENSP00000352414	9606.ENSP00000317272	0	0	0	0	0.067	0	0.650	0.621	0.865
FGF17	FGF3	9606.ENSP00000352414	9606.ENSP00000334122	0	0	0	0	0.121	0	0.400	0.505	0.716
FGF17	FGF9	9606.ENSP00000352414	9606.ENSP00000371790	0	0	0	0.656	0.072	0	0.400	0.237	0.538
FGF17	SOS1	9606.ENSP00000352414	9606.ENSP00000384675	0	0	0	0	0.060	0	0.400	0.281	0.559
FGF17	SHC1	9606.ENSP00000352414	9606.ENSP00000401303	0	0	0	0	0	0	0.400	0.299	0.561
FGF17	TGFA	9606.ENSP00000352414	9606.ENSP00000404131	0	0	0	0	0	0	0	0.583	0.583
FGF17	IGF1R	9606.ENSP00000352414	9606.ENSP00000497069	0	0	0	0	0	0	0.650	0.588	0.849
FGF18	FGF4	9606.ENSP00000274625	9606.ENSP00000168712	0	0	0	0.680	0.042	0	0.400	0.171	0.482
FGF18	FGF20	9606.ENSP00000274625	9606.ENSP00000180166	0	0	0	0.660	0.050	0	0.400	0.277	0.551
FGF18	FGF22	9606.ENSP00000274625	9606.ENSP00000215530	0	0	0	0	0	0	0.400	0.300	0.562
FGF18	PIK3R2	9606.ENSP00000274625	9606.ENSP00000222254	0	0	0	0	0	0	0.400	0.177	0.485
FGF18	HGF	9606.ENSP00000274625	9606.ENSP00000222390	0	0	0	0	0	0	0	0.874	0.874
FGF18	FGF6	9606.ENSP00000274625	9606.ENSP00000228837	0	0	0.131	0.659	0	0	0.400	0.178	0.534
FGF18	HBEGF	9606.ENSP00000274625	9606.ENSP00000230990	0	0	0	0	0	0	0	0.655	0.655
FGF18	PLCG1	9606.ENSP00000274625	9606.ENSP00000244007	0	0	0	0	0	0	0.500	0.240	0.604
FGF18	GAB1	9606.ENSP00000274625	9606.ENSP00000262995	0	0	0	0	0	0	0.400	0.200	0.499
FGF18	KDR	9606.ENSP00000274625	9606.ENSP00000263923	0	0	0	0	0	0.168	0.650	0.769	0.927
FGF18	PIK3CA	9606.ENSP00000274625	9606.ENSP00000263967	0	0	0	0	0	0	0.400	0.290	0.555
FGF18	NRG1	9606.ENSP00000274625	9606.ENSP00000287842	0	0	0	0	0	0	0	0.400	0.400
FGF18	SOS1	9606.ENSP00000274625	9606.ENSP00000384675	0	0	0	0	0	0	0.400	0.308	0.567
FGF18	TGFA	9606.ENSP00000274625	9606.ENSP00000404131	0	0	0	0	0	0	0	0.585	0.585
FGF18	FGF3	9606.ENSP00000274625	9606.ENSP00000334122	0	0	0	0.625	0.048	0	0.400	0.335	0.587
FGF18	FGF9	9606.ENSP00000274625	9606.ENSP00000371790	0	0	0	0.669	0.072	0	0.400	0.322	0.589
FGF18	SHC1	9606.ENSP00000274625	9606.ENSP00000401303	0	0	0	0	0	0	0.400	0.343	0.589
FGF18	FGF5	9606.ENSP00000274625	9606.ENSP00000311697	0	0	0	0.620	0	0	0.400	0.354	0.596
FGF18	FGF19	9606.ENSP00000274625	9606.ENSP00000294312	0	0	0	0	0.049	0	0.400	0.594	0.748
FGF18	IGF1R	9606.ENSP00000274625	9606.ENSP00000497069	0	0	0	0	0	0	0.650	0.586	0.848
FGF18	MET	9606.ENSP00000274625	9606.ENSP00000317272	0	0	0	0	0.067	0	0.650	0.621	0.865
FGF19	FGF4	9606.ENSP00000294312	9606.ENSP00000168712	0	0	0	0.657	0.105	0	0.400	0.739	0.848
FGF19	FGF20	9606.ENSP00000294312	9606.ENSP00000180166	0	0	0	0	0.120	0	0.400	0.578	0.758
FGF19	FGF22	9606.ENSP00000294312	9606.ENSP00000215530	0	0	0	0.692	0.049	0	0.400	0.281	0.554
FGF19	PIK3R2	9606.ENSP00000294312	9606.ENSP00000222254	0	0	0	0	0	0	0.400	0	0.400
FGF19	HGF	9606.ENSP00000294312	9606.ENSP00000222390	0	0	0	0	0.140	0	0	0.528	0.576
FGF19	FGF6	9606.ENSP00000294312	9606.ENSP00000228837	0	0	0	0.634	0.085	0	0.400	0.376	0.628
FGF19	PLCG1	9606.ENSP00000294312	9606.ENSP00000244007	0	0	0	0	0	0	0.500	0.089	0.525
FGF19	GAB1	9606.ENSP00000294312	9606.ENSP00000262995	0	0	0	0	0	0	0.400	0.191	0.493
FGF19	KDR	9606.ENSP00000294312	9606.ENSP00000263923	0	0	0	0	0.042	0.168	0.650	0.387	0.806
FGF19	PIK3CA	9606.ENSP00000294312	9606.ENSP00000263967	0	0	0	0	0	0	0.400	0.398	0.623
FGF19	SHC1	9606.ENSP00000294312	9606.ENSP00000401303	0	0	0	0	0	0	0.400	0.091	0.431
FGF19	SOS1	9606.ENSP00000294312	9606.ENSP00000384675	0	0	0	0	0	0	0.400	0.132	0.457
FGF19	FGF5	9606.ENSP00000294312	9606.ENSP00000311697	0	0	0	0.639	0	0	0.400	0.236	0.522
FGF19	FGF3	9606.ENSP00000294312	9606.ENSP00000334122	0	0	0	0.642	0.168	0	0.400	0.355	0.650
FGF19	IGF1R	9606.ENSP00000294312	9606.ENSP00000497069	0	0	0	0	0	0	0.650	0.229	0.718
FGF19	MET	9606.ENSP00000294312	9606.ENSP00000317272	0	0	0	0	0.067	0	0.650	0.284	0.746
FGF19	FGF9	9606.ENSP00000294312	9606.ENSP00000371790	0	0	0	0	0.068	0	0.400	0.585	0.748
FGF20	FGF4	9606.ENSP00000180166	9606.ENSP00000168712	0	0	0.124	0.797	0.086	0	0.400	0.115	0.518
FGF20	FGF5	9606.ENSP00000180166	9606.ENSP00000311697	0	0	0	0.833	0.042	0	0.400	0.061	0.413
FGF20	NRG1	9606.ENSP00000180166	9606.ENSP00000287842	0	0	0	0	0.049	0	0	0.415	0.420
FGF20	PIK3R2	9606.ENSP00000180166	9606.ENSP00000222254	0	0	0	0	0	0	0.400	0.161	0.475
FGF20	FGF22	9606.ENSP00000180166	9606.ENSP00000215530	0	0	0.085	0.872	0.101	0	0.400	0.091	0.492
FGF20	GAB1	9606.ENSP00000180166	9606.ENSP00000262995	0	0	0	0	0	0	0.400	0.202	0.500
FGF20	FGF6	9606.ENSP00000180166	9606.ENSP00000228837	0	0	0.130	0.796	0.086	0	0.400	0.095	0.510
FGF20	FGF3	9606.ENSP00000180166	9606.ENSP00000334122	0	0	0.097	0.830	0.092	0	0.400	0.123	0.511
FGF20	PIK3CA	9606.ENSP00000180166	9606.ENSP00000263967	0	0	0	0	0	0	0.400	0.292	0.557
FGF20	SOS1	9606.ENSP00000180166	9606.ENSP00000384675	0	0	0	0	0.048	0	0.400	0.303	0.567
FGF20	SHC1	9606.ENSP00000180166	9606.ENSP00000401303	0	0	0	0	0.049	0	0.400	0.323	0.580
FGF20	TGFA	9606.ENSP00000180166	9606.ENSP00000404131	0	0	0	0	0.057	0	0	0.585	0.591
FGF20	PLCG1	9606.ENSP00000180166	9606.ENSP00000244007	0	0	0	0	0	0	0.500	0.284	0.627
FGF20	HBEGF	9606.ENSP00000180166	9606.ENSP00000230990	0	0	0	0	0	0	0	0.639	0.639
FGF20	FGF9	9606.ENSP00000180166	9606.ENSP00000371790	0	0	0.055	0.969	0.056	0.491	0.400	0.362	0.794
FGF20	IGF1R	9606.ENSP00000180166	9606.ENSP00000497069	0	0	0	0	0	0	0.650	0.602	0.855
FGF20	MET	9606.ENSP00000180166	9606.ENSP00000317272	0	0	0	0	0.067	0	0.650	0.621	0.865
FGF20	HGF	9606.ENSP00000180166	9606.ENSP00000222390	0	0	0	0	0	0	0	0.867	0.867
FGF20	KDR	9606.ENSP00000180166	9606.ENSP00000263923	0	0	0	0	0.060	0.168	0.650	0.769	0.928
FGF22	FGF4	9606.ENSP00000215530	9606.ENSP00000168712	0	0	0.111	0.813	0.061	0	0.400	0.139	0.511
FGF22	NRG1	9606.ENSP00000215530	9606.ENSP00000287842	0	0	0	0	0	0	0	0.400	0.400
FGF22	FGF5	9606.ENSP00000215530	9606.ENSP00000311697	0	0	0	0.806	0.048	0	0.400	0.110	0.447
FGF22	PIK3R2	9606.ENSP00000215530	9606.ENSP00000222254	0	0	0	0	0	0	0.400	0.161	0.475
FGF22	FGF9	9606.ENSP00000215530	9606.ENSP00000371790	0	0	0.066	0.875	0.099	0	0.400	0.090	0.479
FGF22	GAB1	9606.ENSP00000215530	9606.ENSP00000262995	0	0	0	0	0	0	0.400	0.200	0.499
FGF22	FGF6	9606.ENSP00000215530	9606.ENSP00000228837	0	0	0.111	0.766	0.114	0	0.400	0.114	0.526
FGF22	PIK3CA	9606.ENSP00000215530	9606.ENSP00000263967	0	0	0	0	0	0	0.400	0.284	0.552
FGF22	SOS1	9606.ENSP00000215530	9606.ENSP00000384675	0	0	0	0	0	0	0.400	0.293	0.557
FGF22	SHC1	9606.ENSP00000215530	9606.ENSP00000401303	0	0	0	0	0.049	0	0.400	0.312	0.573
FGF22	TGFA	9606.ENSP00000215530	9606.ENSP00000404131	0	0	0	0	0.051	0	0	0.588	0.593
FGF22	PLCG1	9606.ENSP00000215530	9606.ENSP00000244007	0	0	0	0	0	0	0.500	0.267	0.617
FGF22	HBEGF	9606.ENSP00000215530	9606.ENSP00000230990	0	0	0	0	0	0	0	0.639	0.639
FGF22	FGF3	9606.ENSP00000215530	9606.ENSP00000334122	0	0	0.063	0.859	0.054	0	0.400	0.523	0.712
FGF22	IGF1R	9606.ENSP00000215530	9606.ENSP00000497069	0	0	0	0	0	0	0.650	0.600	0.854
FGF22	MET	9606.ENSP00000215530	9606.ENSP00000317272	0	0	0	0	0.067	0	0.650	0.622	0.865
FGF22	HGF	9606.ENSP00000215530	9606.ENSP00000222390	0	0	0	0	0	0	0	0.880	0.880
FGF22	KDR	9606.ENSP00000215530	9606.ENSP00000263923	0	0	0	0	0.086	0.168	0.650	0.769	0.930
FGF3	FGF4	9606.ENSP00000334122	9606.ENSP00000168712	0	0	0.119	0.749	0.085	0	0.400	0.283	0.607
FGF3	PIK3R2	9606.ENSP00000334122	9606.ENSP00000222254	0	0	0	0	0	0	0.400	0.167	0.478
FGF3	HGF	9606.ENSP00000334122	9606.ENSP00000222390	0	0	0	0	0	0	0	0.870	0.870
FGF3	FGF6	9606.ENSP00000334122	9606.ENSP00000228837	0	0	0.083	0.776	0.044	0	0.400	0.170	0.505
FGF3	HBEGF	9606.ENSP00000334122	9606.ENSP00000230990	0	0	0	0	0	0	0	0.639	0.639
FGF3	PLCG1	9606.ENSP00000334122	9606.ENSP00000244007	0	0	0	0	0	0	0.500	0.251	0.609
FGF3	GAB1	9606.ENSP00000334122	9606.ENSP00000262995	0	0	0	0	0	0	0.400	0.200	0.499
FGF3	KDR	9606.ENSP00000334122	9606.ENSP00000263923	0	0	0	0	0	0.168	0.650	0.770	0.927
FGF3	PIK3CA	9606.ENSP00000334122	9606.ENSP00000263967	0	0	0	0	0	0	0.400	0.400	0.624
FGF3	NRG1	9606.ENSP00000334122	9606.ENSP00000287842	0	0	0	0	0	0	0	0.431	0.431
FGF3	FGF5	9606.ENSP00000334122	9606.ENSP00000311697	0	0	0	0.794	0	0	0.400	0.434	0.646
FGF3	MET	9606.ENSP00000334122	9606.ENSP00000317272	0	0	0	0	0.067	0	0.650	0.620	0.865
FGF3	SOS1	9606.ENSP00000334122	9606.ENSP00000384675	0	0	0	0	0	0	0.400	0.274	0.546
FGF3	SHC1	9606.ENSP00000334122	9606.ENSP00000401303	0	0	0	0	0	0	0.400	0.299	0.561
FGF3	TGFA	9606.ENSP00000334122	9606.ENSP00000404131	0	0	0	0	0	0	0	0.583	0.583
FGF3	FGF9	9606.ENSP00000334122	9606.ENSP00000371790	0	0	0.066	0.844	0.067	0	0.400	0.432	0.663
FGF3	IGF1R	9606.ENSP00000334122	9606.ENSP00000497069	0	0	0	0	0	0	0.650	0.587	0.849
FGF4	NRG1	9606.ENSP00000168712	9606.ENSP00000287842	0	0	0	0	0	0	0	0.400	0.400
FGF4	FGF6	9606.ENSP00000168712	9606.ENSP00000228837	0	0	0.070	0.932	0.126	0	0.400	0.060	0.480
FGF4	PIK3R2	9606.ENSP00000168712	9606.ENSP00000222254	0	0	0	0	0	0	0.400	0.175	0.483
FGF4	GAB1	9606.ENSP00000168712	9606.ENSP00000262995	0	0	0	0	0	0	0.400	0.199	0.498
FGF4	FGF5	9606.ENSP00000168712	9606.ENSP00000311697	0	0	0	0.827	0	0	0.400	0.254	0.533
FGF4	SOS1	9606.ENSP00000168712	9606.ENSP00000384675	0	0	0	0	0	0	0.400	0.286	0.553
FGF4	FGF9	9606.ENSP00000168712	9606.ENSP00000371790	0	0	0.102	0.796	0.086	0	0.400	0.215	0.562
FGF4	SHC1	9606.ENSP00000168712	9606.ENSP00000401303	0	0	0	0	0	0	0.400	0.305	0.565
FGF4	TGFA	9606.ENSP00000168712	9606.ENSP00000404131	0	0	0	0	0	0	0	0.588	0.588
FGF4	PIK3CA	9606.ENSP00000168712	9606.ENSP00000263967	0	0	0	0	0	0	0.400	0.370	0.605
FGF4	PLCG1	9606.ENSP00000168712	9606.ENSP00000244007	0	0	0	0	0	0	0.500	0.243	0.605
FGF4	HBEGF	9606.ENSP00000168712	9606.ENSP00000230990	0	0	0	0	0	0	0	0.657	0.657
FGF4	IGF1R	9606.ENSP00000168712	9606.ENSP00000497069	0	0	0	0	0	0	0.650	0.599	0.853
FGF4	MET	9606.ENSP00000168712	9606.ENSP00000317272	0	0	0	0	0.067	0	0.650	0.619	0.864
FGF4	HGF	9606.ENSP00000168712	9606.ENSP00000222390	0	0	0	0	0	0	0	0.883	0.883
FGF4	KDR	9606.ENSP00000168712	9606.ENSP00000263923	0	0	0	0	0.067	0.168	0.650	0.781	0.932
FGF5	PIK3R2	9606.ENSP00000311697	9606.ENSP00000222254	0	0	0	0	0	0	0.400	0.167	0.478
FGF5	HGF	9606.ENSP00000311697	9606.ENSP00000222390	0	0	0	0	0.050	0	0	0.874	0.876
FGF5	FGF6	9606.ENSP00000311697	9606.ENSP00000228837	0	0	0	0.844	0.055	0	0.400	0.405	0.633
FGF5	HBEGF	9606.ENSP00000311697	9606.ENSP00000230990	0	0	0	0	0.042	0	0	0.640	0.640
FGF5	PLCG1	9606.ENSP00000311697	9606.ENSP00000244007	0	0	0	0	0	0	0.500	0.236	0.602
FGF5	GAB1	9606.ENSP00000311697	9606.ENSP00000262995	0	0	0	0	0	0	0.400	0.200	0.499
FGF5	KDR	9606.ENSP00000311697	9606.ENSP00000263923	0	0	0	0	0	0.168	0.650	0.771	0.927
FGF5	PIK3CA	9606.ENSP00000311697	9606.ENSP00000263967	0	0	0	0	0	0	0.400	0.286	0.553
FGF5	NRG1	9606.ENSP00000311697	9606.ENSP00000287842	0	0	0	0	0.067	0	0	0.441	0.456
FGF5	FGF9	9606.ENSP00000311697	9606.ENSP00000371790	0	0	0	0.828	0	0	0.400	0.078	0.423
FGF5	NRG3	9606.ENSP00000311697	9606.ENSP00000361214	0	0	0	0	0	0	0	0.430	0.430
FGF5	SOS1	9606.ENSP00000311697	9606.ENSP00000384675	0	0	0	0	0	0	0.400	0.281	0.550
FGF5	SHC1	9606.ENSP00000311697	9606.ENSP00000401303	0	0	0	0	0	0	0.400	0.299	0.561
FGF5	TGFA	9606.ENSP00000311697	9606.ENSP00000404131	0	0	0	0	0	0	0	0.588	0.588
FGF5	IGF1R	9606.ENSP00000311697	9606.ENSP00000497069	0	0	0	0	0	0	0.650	0.589	0.850
FGF5	MET	9606.ENSP00000311697	9606.ENSP00000317272	0	0	0	0	0.069	0	0.650	0.621	0.865
FGF6	PIK3R2	9606.ENSP00000228837	9606.ENSP00000222254	0	0	0	0	0	0	0.400	0.162	0.475
FGF6	HGF	9606.ENSP00000228837	9606.ENSP00000222390	0	0	0	0	0	0	0	0.876	0.876
FGF6	NRG1	9606.ENSP00000228837	9606.ENSP00000287842	0	0	0	0	0	0	0	0.431	0.431
FGF6	GAB1	9606.ENSP00000228837	9606.ENSP00000262995	0	0	0	0	0	0	0.400	0.203	0.501
FGF6	FGF9	9606.ENSP00000228837	9606.ENSP00000371790	0	0	0.117	0.794	0.086	0	0.400	0.117	0.515
FGF6	SOS1	9606.ENSP00000228837	9606.ENSP00000384675	0	0	0	0	0	0	0.400	0.267	0.542
FGF6	PIK3CA	9606.ENSP00000228837	9606.ENSP00000263967	0	0	0	0	0	0	0.400	0.291	0.556
FGF6	SHC1	9606.ENSP00000228837	9606.ENSP00000401303	0	0	0	0	0	0	0.400	0.297	0.560
FGF6	TGFA	9606.ENSP00000228837	9606.ENSP00000404131	0	0	0	0	0	0	0	0.586	0.586
FGF6	PLCG1	9606.ENSP00000228837	9606.ENSP00000244007	0	0	0	0	0	0	0.500	0.240	0.604
FGF6	HBEGF	9606.ENSP00000228837	9606.ENSP00000230990	0	0	0	0	0	0	0	0.640	0.640
FGF6	IGF1R	9606.ENSP00000228837	9606.ENSP00000497069	0	0	0	0	0	0	0.650	0.589	0.850
FGF6	MET	9606.ENSP00000228837	9606.ENSP00000317272	0	0	0	0	0.067	0	0.650	0.622	0.865
FGF6	KDR	9606.ENSP00000228837	9606.ENSP00000263923	0	0	0	0	0.074	0.168	0.650	0.770	0.929
FGF9	PIK3R2	9606.ENSP00000371790	9606.ENSP00000222254	0	0	0	0	0	0	0.400	0.167	0.478
FGF9	HGF	9606.ENSP00000371790	9606.ENSP00000222390	0	0	0	0	0	0	0	0.865	0.865
FGF9	HBEGF	9606.ENSP00000371790	9606.ENSP00000230990	0	0	0	0	0	0	0	0.642	0.642
FGF9	PLCG1	9606.ENSP00000371790	9606.ENSP00000244007	0	0	0	0	0	0	0.500	0.305	0.637
FGF9	GAB1	9606.ENSP00000371790	9606.ENSP00000262995	0	0	0	0	0	0	0.400	0.202	0.500
FGF9	KDR	9606.ENSP00000371790	9606.ENSP00000263923	0	0	0	0	0.060	0.168	0.650	0.770	0.928
FGF9	PIK3CA	9606.ENSP00000371790	9606.ENSP00000263967	0	0	0	0	0	0	0.400	0.315	0.571
FGF9	NRG1	9606.ENSP00000371790	9606.ENSP00000287842	0	0	0	0	0	0	0	0.427	0.427
FGF9	MET	9606.ENSP00000371790	9606.ENSP00000317272	0	0	0	0	0.067	0	0.650	0.620	0.865
FGF9	SOS1	9606.ENSP00000371790	9606.ENSP00000384675	0	0	0	0	0.048	0	0.400	0.321	0.578
FGF9	SHC1	9606.ENSP00000371790	9606.ENSP00000401303	0	0	0	0	0.049	0	0.400	0.335	0.587
FGF9	TGFA	9606.ENSP00000371790	9606.ENSP00000404131	0	0	0	0	0.057	0	0	0.586	0.592
FGF9	IGF1R	9606.ENSP00000371790	9606.ENSP00000497069	0	0	0	0	0	0	0.650	0.616	0.859
GAB1	PAG1	9606.ENSP00000262995	9606.ENSP00000220597	0	0	0	0	0.049	0.073	0.500	0.135	0.568
GAB1	PIK3R2	9606.ENSP00000262995	9606.ENSP00000222254	0	0	0	0	0	0.199	0.900	0.150	0.926
GAB1	HGF	9606.ENSP00000262995	9606.ENSP00000222390	0	0	0	0	0.042	0.119	0.400	0.753	0.858
GAB1	HBEGF	9606.ENSP00000262995	9606.ENSP00000230990	0	0	0	0	0	0	0.400	0.157	0.473
GAB1	PLCG1	9606.ENSP00000262995	9606.ENSP00000244007	0	0	0	0	0	0.597	0	0.565	0.817
GAB1	PIK3R3	9606.ENSP00000262995	9606.ENSP00000262741	0	0	0	0	0.067	0.199	0.900	0.113	0.924
GAB1	NRG3	9606.ENSP00000262995	9606.ENSP00000361214	0	0	0	0	0.044	0	0.400	0	0.401
GAB1	NRG4	9606.ENSP00000262995	9606.ENSP00000378367	0	0	0	0	0	0	0.400	0.075	0.421
GAB1	NRG2	9606.ENSP00000262995	9606.ENSP00000354910	0	0	0	0	0	0	0.400	0.077	0.422
GAB1	TGFA	9606.ENSP00000262995	9606.ENSP00000404131	0	0	0	0	0.047	0	0.400	0.227	0.520
GAB1	NRG1	9606.ENSP00000262995	9606.ENSP00000287842	0	0	0	0	0	0	0.400	0.254	0.533
GAB1	SHC4	9606.ENSP00000262995	9606.ENSP00000329668	0	0	0	0	0	0.049	0.900	0.088	0.905
GAB1	SHC2	9606.ENSP00000262995	9606.ENSP00000264554	0	0	0	0	0	0.049	0.900	0.134	0.910
GAB1	KDR	9606.ENSP00000262995	9606.ENSP00000263923	0	0	0	0	0.056	0.058	0.900	0.208	0.920
GAB1	PIK3CA	9606.ENSP00000262995	9606.ENSP00000263967	0	0	0	0	0.060	0.041	0.900	0.224	0.920
GAB1	SHC3	9606.ENSP00000262995	9606.ENSP00000364995	0	0	0	0	0	0.177	0.900	0.247	0.932
GAB1	IGF1R	9606.ENSP00000262995	9606.ENSP00000497069	0	0	0	0	0.043	0.180	0.900	0.278	0.935
GAB1	MET	9606.ENSP00000262995	9606.ENSP00000317272	0	0	0	0	0.042	0.686	0.900	0.710	0.990
GAB1	SOS1	9606.ENSP00000262995	9606.ENSP00000384675	0	0	0	0	0.067	0.453	0.900	0.859	0.991
GAB1	SHC1	9606.ENSP00000262995	9606.ENSP00000401303	0	0	0	0	0	0.605	0.900	0.900	0.995
HBEGF	PAG1	9606.ENSP00000230990	9606.ENSP00000220597	0	0	0	0	0	0	0.500	0	0.499
HBEGF	HGF	9606.ENSP00000230990	9606.ENSP00000222390	0	0	0	0	0	0	0	0.708	0.708
HBEGF	MET	9606.ENSP00000230990	9606.ENSP00000317272	0	0	0	0	0.060	0	0	0.400	0.411
HBEGF	SOS1	9606.ENSP00000230990	9606.ENSP00000384675	0	0	0	0	0	0	0.400	0.198	0.498
HBEGF	MEMO1	9606.ENSP00000230990	9606.ENSP00000295065	0	0	0	0	0	0	0.500	0.051	0.505
HBEGF	PIK3CA	9606.ENSP00000230990	9606.ENSP00000263967	0	0	0	0	0	0	0.400	0.223	0.513
HBEGF	LRIG1	9606.ENSP00000230990	9606.ENSP00000273261	0	0	0	0	0	0	0.400	0.238	0.523
HBEGF	PTPN12	9606.ENSP00000230990	9606.ENSP00000248594	0	0	0	0	0.060	0	0.500	0.108	0.544
HBEGF	KDR	9606.ENSP00000230990	9606.ENSP00000263923	0	0	0	0	0	0	0	0.549	0.549
HBEGF	PLCG1	9606.ENSP00000230990	9606.ENSP00000244007	0	0	0	0	0	0	0.500	0.187	0.576
HBEGF	PTK6	9606.ENSP00000230990	9606.ENSP00000442460	0	0	0	0	0	0	0.500	0.227	0.597
HBEGF	SHC1	9606.ENSP00000230990	9606.ENSP00000401303	0	0	0	0	0.042	0	0.400	0.370	0.606
HBEGF	NRG3	9606.ENSP00000230990	9606.ENSP00000361214	0	0	0	0	0	0	0.400	0.447	0.654
HBEGF	IGF1R	9606.ENSP00000230990	9606.ENSP00000497069	0	0	0	0	0	0	0.500	0.394	0.684
HBEGF	NRG4	9606.ENSP00000230990	9606.ENSP00000378367	0	0	0	0	0	0	0.400	0.534	0.708
HBEGF	NRG2	9606.ENSP00000230990	9606.ENSP00000354910	0	0	0	0	0	0	0.400	0.571	0.731
HBEGF	NRG1	9606.ENSP00000230990	9606.ENSP00000287842	0	0	0	0	0.070	0	0.400	0.583	0.746
HBEGF	TGFA	9606.ENSP00000230990	9606.ENSP00000404131	0	0	0	0	0.067	0	0.400	0.864	0.917
HGF	PIK3R2	9606.ENSP00000222390	9606.ENSP00000222254	0	0	0	0	0	0	0.400	0.136	0.459
HGF	NRG1	9606.ENSP00000222390	9606.ENSP00000287842	0	0	0	0	0.053	0	0	0.449	0.456
HGF	LRIG1	9606.ENSP00000222390	9606.ENSP00000273261	0	0	0	0	0	0	0.500	0.156	0.559
HGF	SOS1	9606.ENSP00000222390	9606.ENSP00000384675	0	0	0	0	0	0	0.400	0.301	0.562
HGF	PIK3CA	9606.ENSP00000222390	9606.ENSP00000263967	0	0	0	0	0	0	0.400	0.398	0.623
HGF	TGFA	9606.ENSP00000222390	9606.ENSP00000404131	0	0	0	0	0	0	0	0.701	0.701
HGF	SHC1	9606.ENSP00000222390	9606.ENSP00000401303	0	0	0	0	0.042	0	0.400	0.651	0.782
HGF	IGF1R	9606.ENSP00000222390	9606.ENSP00000497069	0	0	0	0	0	0.096	0.650	0.872	0.955
HGF	KDR	9606.ENSP00000222390	9606.ENSP00000263923	0	0	0	0	0.056	0	0.650	0.907	0.966
HGF	MET	9606.ENSP00000222390	9606.ENSP00000317272	0	0	0	0	0.042	0.989	0.900	0.999	0.999
IGF1R	PIK3R2	9606.ENSP00000497069	9606.ENSP00000222254	0	0	0	0	0.042	0.397	0.900	0.463	0.964
IGF1R	PLCG1	9606.ENSP00000497069	9606.ENSP00000244007	0	0	0	0	0.060	0.048	0.900	0.229	0.921
IGF1R	PIK3R3	9606.ENSP00000497069	9606.ENSP00000262741	0	0	0	0	0	0.719	0.900	0.696	0.990
IGF1R	KDR	9606.ENSP00000497069	9606.ENSP00000263923	0	0	0	0.574	0	0.074	0	0.537	0.552
IGF1R	PIK3CA	9606.ENSP00000497069	9606.ENSP00000263967	0	0	0	0	0.048	0.098	0.900	0.776	0.978
IGF1R	SHC2	9606.ENSP00000497069	9606.ENSP00000264554	0	0	0	0	0	0.073	0.900	0.173	0.916
IGF1R	NRG1	9606.ENSP00000497069	9606.ENSP00000287842	0	0	0	0	0.042	0.084	0	0.480	0.504
IGF1R	MET	9606.ENSP00000497069	9606.ENSP00000317272	0	0	0	0.581	0.042	0.192	0	0.560	0.629
IGF1R	SHC4	9606.ENSP00000497069	9606.ENSP00000329668	0	0	0	0	0.042	0.073	0.900	0.455	0.945
IGF1R	SHC3	9606.ENSP00000497069	9606.ENSP00000364995	0	0	0	0	0	0.112	0.900	0.473	0.949
IGF1R	SOS1	9606.ENSP00000497069	9606.ENSP00000384675	0	0	0	0	0.049	0.084	0.500	0.409	0.708
IGF1R	SHC1	9606.ENSP00000497069	9606.ENSP00000401303	0	0	0	0	0.042	0.841	0.900	0.992	0.999
IGF1R	TGFA	9606.ENSP00000497069	9606.ENSP00000404131	0	0	0	0	0.049	0	0.650	0.688	0.887
IGF1R	PTK6	9606.ENSP00000497069	9606.ENSP00000442460	0	0	0	0.742	0.048	0.043	0	0.452	0.457
KDR	PIK3R2	9606.ENSP00000263923	9606.ENSP00000222254	0	0	0	0	0	0.153	0.900	0.254	0.931
KDR	PLCG1	9606.ENSP00000263923	9606.ENSP00000244007	0	0	0	0	0	0.537	0.900	0.489	0.974
KDR	PTPN12	9606.ENSP00000263923	9606.ENSP00000248594	0	0	0	0	0.067	0.171	0	0.491	0.572
KDR	PIK3R3	9606.ENSP00000263923	9606.ENSP00000262741	0	0	0	0	0.045	0.153	0.900	0.158	0.922
KDR	TGFA	9606.ENSP00000263923	9606.ENSP00000404131	0	0	0	0	0	0	0.650	0.520	0.824
KDR	MET	9606.ENSP00000263923	9606.ENSP00000317272	0	0	0	0.568	0	0.345	0	0.782	0.851
KDR	SHC4	9606.ENSP00000263923	9606.ENSP00000329668	0	0	0	0	0.055	0.105	0.900	0.084	0.912
KDR	SHC3	9606.ENSP00000263923	9606.ENSP00000364995	0	0	0	0	0.075	0.162	0.900	0.328	0.941
KDR	SHC2	9606.ENSP00000263923	9606.ENSP00000264554	0	0	0	0	0.096	0.647	0.900	0.249	0.972
KDR	PIK3CA	9606.ENSP00000263923	9606.ENSP00000263967	0	0	0	0	0	0.098	0.900	0.754	0.975
KDR	SHC1	9606.ENSP00000263923	9606.ENSP00000401303	0	0	0	0	0.057	0.672	0.900	0.860	0.995
LRIG1	TGFA	9606.ENSP00000273261	9606.ENSP00000404131	0	0	0	0	0	0	0.400	0.253	0.532
LRIG1	MET	9606.ENSP00000273261	9606.ENSP00000317272	0	0	0	0	0	0.540	0.900	0.536	0.976
MEMO1	NRG1	9606.ENSP00000295065	9606.ENSP00000287842	0	0	0	0	0.055	0	0.500	0.176	0.576
MEMO1	SHC1	9606.ENSP00000295065	9606.ENSP00000401303	0	0	0	0	0.049	0	0	0.455	0.459
MEMO1	NRG3	9606.ENSP00000295065	9606.ENSP00000361214	0	0	0	0	0	0	0.500	0	0.499
MEMO1	NRG4	9606.ENSP00000295065	9606.ENSP00000378367	0	0	0	0	0	0	0.500	0	0.499
MEMO1	NRG2	9606.ENSP00000295065	9606.ENSP00000354910	0	0	0	0	0.055	0	0.500	0	0.507
MET	PIK3R2	9606.ENSP00000317272	9606.ENSP00000222254	0	0	0	0	0	0.197	0.650	0.240	0.768
MET	PLCG1	9606.ENSP00000317272	9606.ENSP00000244007	0	0	0	0	0.063	0.152	0.900	0.610	0.964
MET	PIK3R3	9606.ENSP00000317272	9606.ENSP00000262741	0	0	0	0	0	0.197	0.650	0.490	0.844
MET	PIK3CA	9606.ENSP00000317272	9606.ENSP00000263967	0	0	0	0	0.042	0.069	0.900	0.617	0.961
MET	SHC2	9606.ENSP00000317272	9606.ENSP00000264554	0	0	0	0	0.094	0.180	0.900	0.115	0.925
MET	NRG1	9606.ENSP00000317272	9606.ENSP00000287842	0	0	0	0	0.048	0.084	0	0.408	0.439
MET	TGFA	9606.ENSP00000317272	9606.ENSP00000404131	0	0	0	0	0.080	0	0.650	0.573	0.850
MET	SOS1	9606.ENSP00000317272	9606.ENSP00000384675	0	0	0	0	0	0.334	0.400	0.728	0.882
MET	SHC4	9606.ENSP00000317272	9606.ENSP00000329668	0	0	0	0	0.097	0.180	0.900	0.050	0.920
MET	SHC3	9606.ENSP00000317272	9606.ENSP00000364995	0	0	0	0	0.094	0.180	0.900	0.075	0.922
MET	SHC1	9606.ENSP00000317272	9606.ENSP00000401303	0	0	0	0	0.111	0.386	0.900	0.883	0.992
NRG1	PLCG1	9606.ENSP00000287842	9606.ENSP00000244007	0	0	0	0	0	0	0.500	0.195	0.580
NRG1	PTPN12	9606.ENSP00000287842	9606.ENSP00000248594	0	0	0	0	0	0.066	0.500	0.072	0.529
NRG1	PIK3CA	9606.ENSP00000287842	9606.ENSP00000263967	0	0	0	0	0	0	0.400	0.389	0.618
NRG1	PTK6	9606.ENSP00000287842	9606.ENSP00000442460	0	0	0	0	0	0.084	0.500	0.310	0.656
NRG1	TGFA	9606.ENSP00000287842	9606.ENSP00000404131	0	0	0	0	0.049	0	0	0.733	0.735
NRG1	SOS1	9606.ENSP00000287842	9606.ENSP00000384675	0	0	0	0	0	0.103	0.400	0.550	0.736
NRG1	SHC1	9606.ENSP00000287842	9606.ENSP00000401303	0	0	0	0	0	0	0.400	0.621	0.762
NRG1	NRG2	9606.ENSP00000287842	9606.ENSP00000354910	0	0	0	0.824	0	0	0.900	0.221	0.918
NRG1	NRG3	9606.ENSP00000287842	9606.ENSP00000361214	0	0	0	0.583	0.044	0	0.900	0.384	0.936
NRG1	NRG4	9606.ENSP00000287842	9606.ENSP00000378367	0	0	0	0	0	0.099	0.900	0.892	0.989
NRG2	PLCG1	9606.ENSP00000354910	9606.ENSP00000244007	0	0	0	0	0	0	0.500	0.078	0.519
NRG2	PTPN12	9606.ENSP00000354910	9606.ENSP00000248594	0	0	0	0	0	0.066	0.500	0.045	0.515
NRG2	PIK3CA	9606.ENSP00000354910	9606.ENSP00000263967	0	0	0	0	0	0	0.400	0.160	0.474
NRG2	SOS1	9606.ENSP00000354910	9606.ENSP00000384675	0	0	0	0	0	0.103	0.400	0.145	0.499
NRG2	TGFA	9606.ENSP00000354910	9606.ENSP00000404131	0	0	0	0	0	0	0	0.506	0.506
NRG2	SHC1	9606.ENSP00000354910	9606.ENSP00000401303	0	0	0	0	0	0	0.400	0.245	0.527
NRG2	PTK6	9606.ENSP00000354910	9606.ENSP00000442460	0	0	0	0	0	0.084	0.500	0.293	0.648
NRG2	NRG3	9606.ENSP00000354910	9606.ENSP00000361214	0	0	0	0.562	0.067	0	0.900	0.566	0.955
NRG2	NRG4	9606.ENSP00000354910	9606.ENSP00000378367	0	0	0	0	0.049	0.099	0.900	0.973	0.997
NRG3	PLCG1	9606.ENSP00000361214	9606.ENSP00000244007	0	0	0	0	0	0	0.500	0.056	0.507
NRG3	PTPN12	9606.ENSP00000361214	9606.ENSP00000248594	0	0	0	0	0	0	0.500	0	0.499
NRG3	PIK3CA	9606.ENSP00000361214	9606.ENSP00000263967	0	0	0	0	0	0	0.400	0.081	0.425
NRG3	SOS1	9606.ENSP00000361214	9606.ENSP00000384675	0	0	0	0	0	0	0.400	0.076	0.421
NRG3	TGFA	9606.ENSP00000361214	9606.ENSP00000404131	0	0	0	0	0	0	0	0.431	0.431
NRG3	SHC1	9606.ENSP00000361214	9606.ENSP00000401303	0	0	0	0	0	0	0.400	0.196	0.496
NRG3	PTK6	9606.ENSP00000361214	9606.ENSP00000442460	0	0	0	0	0	0	0.500	0.300	0.635
NRG3	NRG4	9606.ENSP00000361214	9606.ENSP00000378367	0	0	0	0	0	0	0.900	0.945	0.994
NRG4	PLCG1	9606.ENSP00000378367	9606.ENSP00000244007	0	0	0	0	0	0	0.500	0.058	0.508
NRG4	PTPN12	9606.ENSP00000378367	9606.ENSP00000248594	0	0	0	0	0	0.061	0.500	0	0.510
NRG4	PIK3CA	9606.ENSP00000378367	9606.ENSP00000263967	0	0	0	0	0	0	0.400	0	0.400
NRG4	TGFA	9606.ENSP00000378367	9606.ENSP00000404131	0	0	0	0	0	0	0	0.483	0.483
NRG4	SOS1	9606.ENSP00000378367	9606.ENSP00000384675	0	0	0	0	0	0.090	0.400	0.151	0.496
NRG4	SHC1	9606.ENSP00000378367	9606.ENSP00000401303	0	0	0	0	0.055	0	0.400	0.184	0.497
NRG4	PTK6	9606.ENSP00000378367	9606.ENSP00000442460	0	0	0	0	0	0.056	0.500	0.044	0.509
PAG1	TGFA	9606.ENSP00000220597	9606.ENSP00000404131	0	0	0	0	0.042	0	0.500	0	0.500
PIK3CA	PIK3R2	9606.ENSP00000263967	9606.ENSP00000222254	0	0	0	0	0	0.881	0.922	0.996	0.999
PIK3CA	PLCG1	9606.ENSP00000263967	9606.ENSP00000244007	0	0	0	0	0.049	0.510	0.900	0.500	0.973
PIK3CA	PIK3R3	9606.ENSP00000263967	9606.ENSP00000262741	0	0	0	0	0	0.881	0.944	0.994	0.999
PIK3CA	TGFA	9606.ENSP00000263967	9606.ENSP00000404131	0	0	0	0	0.058	0	0.400	0.350	0.600
PIK3CA	SHC1	9606.ENSP00000263967	9606.ENSP00000401303	0	0	0	0	0	0	0.400	0.420	0.637
PIK3CA	SOS1	9606.ENSP00000263967	9606.ENSP00000384675	0	0	0	0	0.629	0	0.500	0.636	0.926
PIK3R2	SOS1	9606.ENSP00000222254	9606.ENSP00000384675	0	0	0	0	0	0	0.500	0.258	0.613
PIK3R2	SHC1	9606.ENSP00000222254	9606.ENSP00000401303	0	0	0	0	0.054	0.342	0.400	0.364	0.731
PIK3R2	PLCG1	9606.ENSP00000222254	9606.ENSP00000244007	0	0	0	0.551	0.059	0.046	0.900	0.276	0.926
PIK3R2	PIK3R3	9606.ENSP00000222254	9606.ENSP00000262741	0	0	0.049	0.971	0.049	0.835	0.900	0.957	0.999
PIK3R3	PLCG1	9606.ENSP00000262741	9606.ENSP00000244007	0	0	0	0.561	0	0.046	0.900	0.257	0.922
PIK3R3	SHC1	9606.ENSP00000262741	9606.ENSP00000401303	0	0	0	0	0	0.084	0.400	0.246	0.549
PLCG1	TGFA	9606.ENSP00000244007	9606.ENSP00000404131	0	0	0	0	0	0	0.500	0.244	0.605
PLCG1	SHC1	9606.ENSP00000244007	9606.ENSP00000401303	0	0	0	0	0.049	0.292	0.500	0.729	0.896
PLCG1	SOS1	9606.ENSP00000244007	9606.ENSP00000384675	0	0	0	0	0.060	0.751	0.500	0.676	0.957
PTPN12	SOS1	9606.ENSP00000248594	9606.ENSP00000384675	0	0	0	0	0.066	0.086	0	0.475	0.513
PTPN12	SHC1	9606.ENSP00000248594	9606.ENSP00000401303	0	0	0	0	0.061	0.827	0.700	0.422	0.968
SHC1	SHC2	9606.ENSP00000401303	9606.ENSP00000264554	0	0	0.054	0.919	0	0.234	0.400	0.118	0.565
SHC1	SHC3	9606.ENSP00000401303	9606.ENSP00000364995	0	0	0.058	0.918	0	0	0.400	0.324	0.584
SHC1	SOS1	9606.ENSP00000401303	9606.ENSP00000384675	0	0	0	0	0.062	0.895	0.900	0.996	0.999
SHC1	TGFA	9606.ENSP00000401303	9606.ENSP00000404131	0	0	0	0	0	0	0.400	0.418	0.635
SHC2	SHC3	9606.ENSP00000264554	9606.ENSP00000364995	0	0	0.060	0.906	0.102	0	0.400	0.140	0.506
SHC2	SOS1	9606.ENSP00000264554	9606.ENSP00000384675	0	0	0	0	0	0.067	0.900	0.242	0.923
SHC3	SHC4	9606.ENSP00000364995	9606.ENSP00000329668	0	0	0.061	0.900	0.047	0.479	0	0.103	0.526
SHC3	SOS1	9606.ENSP00000364995	9606.ENSP00000384675	0	0	0	0	0.055	0.092	0.900	0.586	0.959
SHC4	SOS1	9606.ENSP00000329668	9606.ENSP00000384675	0	0	0	0	0	0.067	0.900	0.227	0.921
SOS1	TGFA	9606.ENSP00000384675	9606.ENSP00000404131	0	0	0	0	0.066	0	0.400	0.269	0.554
